,,,TIEMPO,,,,
UBICACION_GEOGRAFICA,TIPO DE TRÁMITE,CAUSAL,Año,,,,
MUNICIPIO,TIPO DE TRÁMITE,DETALLE,2021,2022,2023,2024,2025
BARANOA,QUEJA,INTERRUPCIONES EN LA PRESTACION DEL SERVICIO,51,39,42,91,45
BARANOA,QUEJA,VARIACIONES EN LAS CARACTERISTICAS DEL SUMINISTRO O PRESTACION DEL SERVICIO,20,18,21,25,9
BARANOA,QUEJA,AFECTACION AMBIENTAL,6,11,11,12,3
BARANOA,QUEJA,QUEJAS ADMINISTRATIVAS,6,6,4,10,1
BARANOA,QUEJA,NO ATENCION DE CONDICIONES DE SEGURIDAD O RIESGO,7,2,3,11,0
BARANOA,QUEJA,NEGATIVA DE PRESTACION DE UN SERVICIO ESPECIAL,5,0,0,0,0
BARANOA,RECLAMACION,DESCUENTO POR PREDIO DESOCUPADO,633,613,560,935,443
BARANOA,RECLAMACION,TARIFA INCORRECTA,204,79,62,500,85
BARANOA,RECLAMACION,COBRO POR NUMERO DE UNIDADES INDEPENDIENTES,1,0,2,376,62
BARANOA,RECLAMACION,COBRO DE CARGOS RELACIONADOS CON EL SERVICIO PUBLICO,44,27,16,155,137
BARANOA,RECLAMACION,TERMINACION DEL CONTRATO,79,72,35,133,32
BARANOA,RECLAMACION,COBRO POR SERVICIOS NO PRESTADOS,59,45,35,103,20
BARANOA,RECLAMACION,ESTRATO INCORRECTO,44,38,28,60,40
BARANOA,RECLAMACION,DESCUENTO POR NO RECOLECCION PUERTA A PUERTA,145,0,0,7,7
BARANOA,RECLAMACION,COBRO MULTIPLE Y/O ACUMULADO,46,16,8,15,3
BARANOA,RECLAMACION,COBRO DE OTROS BIENES O SERVICIOS EN LA FACTURA,0,0,0,0,29
BARANOA,RECLAMACION,"CLASE DE USO INCORRECTO (INDUSTRIAL, COMERCIAL, OFICIAL, OTROS)",7,0,0,0,1
BARANOA,RECLAMACION,FRECUENCIAS ADICIONALES DE BARRIDO,0,0,2,0,0
BARANOA,RECLAMACION,COBROS POR PROMEDIO,0,2,0,0,0
BARANOA,RECLAMACION,INCONFORMIDAD CON EL AFORO,0,1,0,0,0
BARANOA,RECURSO DE REPOSICION,COBRO DE CARGOS RELACIONADOS CON EL SERVICIO PUBLICO,1,2,0,0,0
BARANOA,RECURSO DE REPOSICION,DESCUENTO POR PREDIO DESOCUPADO,0,0,1,0,0
BARANOA,RECURSO DE REPOSICION Y SUBSIDIARIO DE APELACION,TARIFA INCORRECTA,0,1,2,10,1
BARANOA,RECURSO DE REPOSICION Y SUBSIDIARIO DE APELACION,COBRO DE CARGOS RELACIONADOS CON EL SERVICIO PUBLICO,0,0,0,2,7
BARANOA,RECURSO DE REPOSICION Y SUBSIDIARIO DE APELACION,TERMINACION DEL CONTRATO,0,4,0,0,4
BARANOA,RECURSO DE REPOSICION Y SUBSIDIARIO DE APELACION,DESCUENTO POR PREDIO DESOCUPADO,1,0,1,5,0
BARANOA,RECURSO DE REPOSICION Y SUBSIDIARIO DE APELACION,COBRO POR SERVICIOS NO PRESTADOS,0,0,0,3,2
BARANOA,RECURSO DE REPOSICION Y SUBSIDIARIO DE APELACION,COBRO POR NUMERO DE UNIDADES INDEPENDIENTES,0,0,0,3,1
BARANOA,RECURSO DE REPOSICION Y SUBSIDIARIO DE APELACION,NO ATENCION DE CONDICIONES DE SEGURIDAD O RIESGO,0,0,0,1,0
BARANOA,RECURSO DE REPOSICION Y SUBSIDIARIO DE APELACION,ESTRATO INCORRECTO,0,0,0,1,0
BARANOA,RECURSO DE REPOSICION Y SUBSIDIARIO DE APELACION,COBRO MULTIPLE Y/O ACUMULADO,1,0,0,0,0
BARRANQUILLA,QUEJA,QUEJAS ADMINISTRATIVAS,233,"11,951","24,753","34,687","9,125"
BARRANQUILLA,QUEJA,ENTREGA INOPORTUNA O NO ENTREGA DE LA FACTURA,189,"18,294","22,994","21,095","5,431"
BARRANQUILLA,QUEJA,VARIACIONES EN LAS CARACTERISTICAS DEL SUMINISTRO O PRESTACION DEL SERVICIO,316,"3,412","6,729","9,388","2,522"
BARRANQUILLA,QUEJA,SUSCRIPTOR QUE EFECTUA EL PAGO PERO ESTE NO ES APLICADO POR LA EMPRESA EN LA FACTURACION,48,"3,009","4,966","7,237","1,249"
BARRANQUILLA,QUEJA,COBRO DE CARGOS RELACIONADOS CON EL SERVICIO PUBLICO,0,376,"3,825","5,652",165
BARRANQUILLA,QUEJA,TARIFA INCORRECTA,0,387,"2,142","4,075",396
BARRANQUILLA,QUEJA,COBROS POR PROMEDIO,0,207,"1,825","4,076",168
BARRANQUILLA,QUEJA,COBRO DE OTROS BIENES O SERVICIOS EN LA FACTURA,6,372,837,"1,944",710
BARRANQUILLA,QUEJA,COBRO POR NUMERO DE UNIDADES INDEPENDIENTES,0,74,345,"1,300",101
BARRANQUILLA,QUEJA,COBRO POR SERVICIOS NO PRESTADOS,0,28,56,689,12
BARRANQUILLA,QUEJA,NEGATIVA DE PRESTACION DE UN SERVICIO ESPECIAL,59,115,220,284,73
BARRANQUILLA,QUEJA,DATOS GENERALES INCORRECTOS,3,107,167,292,40
BARRANQUILLA,QUEJA,"CLASE DE USO INCORRECTO (INDUSTRIAL, COMERCIAL, OFICIAL, OTROS)",0,11,26,322,6
BARRANQUILLA,QUEJA,ESTRATO INCORRECTO,0,5,45,216,0
BARRANQUILLA,QUEJA,INTERRUPCIONES EN LA PRESTACION DEL SERVICIO,214,9,1,0,0
BARRANQUILLA,QUEJA,TERMINACION DEL CONTRATO,0,0,19,135,0
BARRANQUILLA,QUEJA,INCONFORMIDAD CON EL AFORO,0,7,53,87,3
BARRANQUILLA,QUEJA,DESCUENTO POR PREDIO DESOCUPADO,0,4,28,71,6
BARRANQUILLA,QUEJA,COBRO MULTIPLE Y/O ACUMULADO,0,5,16,43,0
BARRANQUILLA,QUEJA,INCONFORMIDAD CON LA MEDICION DEL CONSUMO O PRODUCCION FACTURADO,0,0,4,50,2
BARRANQUILLA,QUEJA,COBROS INOPORTUNOS,0,5,30,12,6
BARRANQUILLA,QUEJA,MULTIUSUARIO DEL SERVICIO DE ASEO,0,0,0,23,0
BARRANQUILLA,QUEJA,NO ATENCION DE CONDICIONES DE SEGURIDAD O RIESGO,6,0,0,0,0
BARRANQUILLA,QUEJA,SUBSIDIOS Y CONTRIBUCIONES,0,0,0,4,0
BARRANQUILLA,QUEJA,FRECUENCIAS ADICIONALES DE RECOLECCION,1,0,1,0,0
BARRANQUILLA,RECLAMACION,COBRO DE CARGOS RELACIONADOS CON EL SERVICIO PUBLICO,"7,491","68,926","169,582","260,802","76,263"
BARRANQUILLA,RECLAMACION,COBROS POR PROMEDIO,"1,128","43,603","111,856","260,476","86,384"
BARRANQUILLA,RECLAMACION,TARIFA INCORRECTA,"17,820","33,990","90,620","145,519","39,592"
BARRANQUILLA,RECLAMACION,COBRO POR NUMERO DE UNIDADES INDEPENDIENTES,195,"11,458","33,508","69,103","19,813"
BARRANQUILLA,RECLAMACION,COBRO POR SERVICIOS NO PRESTADOS,"7,976","15,440","24,797","44,915","13,192"
BARRANQUILLA,RECLAMACION,"CLASE DE USO INCORRECTO (INDUSTRIAL, COMERCIAL, OFICIAL, OTROS)","4,505","5,109","13,195","28,343","8,067"
BARRANQUILLA,RECLAMACION,QUEJAS ADMINISTRATIVAS,99,"8,599","23,396","17,939",138
BARRANQUILLA,RECLAMACION,SUSCRIPTOR QUE EFECTUA EL PAGO PERO ESTE NO ES APLICADO POR LA EMPRESA EN LA FACTURACION,631,"11,321","19,816","15,878","2,149"
BARRANQUILLA,RECLAMACION,ESTRATO INCORRECTO,"1,799","3,761","8,199","10,780","2,581"
BARRANQUILLA,RECLAMACION,DESCUENTO POR PREDIO DESOCUPADO,"7,511","1,437","3,261","4,226","1,227"
BARRANQUILLA,RECLAMACION,TERMINACION DEL CONTRATO,533,"2,151","6,070","4,208",0
BARRANQUILLA,RECLAMACION,COBRO MULTIPLE Y/O ACUMULADO,"1,010",769,"1,938","4,640","1,363"
BARRANQUILLA,RECLAMACION,MULTIUSUARIO DEL SERVICIO DE ASEO,"6,930",158,216,238,20
BARRANQUILLA,RECLAMACION,INCONFORMIDAD CON LA MEDICION DEL CONSUMO O PRODUCCION FACTURADO,188,675,"1,561","2,281",579
BARRANQUILLA,RECLAMACION,SUBSIDIOS Y CONTRIBUCIONES,129,574,"1,610","2,120",558
BARRANQUILLA,RECLAMACION,INCONFORMIDAD CON EL AFORO,378,622,"1,355","1,723",477
BARRANQUILLA,RECLAMACION,COBROS INOPORTUNOS,"1,154",344,865,"1,484",351
BARRANQUILLA,RECLAMACION,ENTREGA INOPORTUNA O NO ENTREGA DE LA FACTURA,0,88,460,"2,993",125
BARRANQUILLA,RECLAMACION,DATOS GENERALES INCORRECTOS,161,91,215,865,7
BARRANQUILLA,RECLAMACION,VARIACIONES EN LAS CARACTERISTICAS DEL SUMINISTRO O PRESTACION DEL SERVICIO,0,26,201,623,52
BARRANQUILLA,RECLAMACION,COBRO DE OTROS BIENES O SERVICIOS EN LA FACTURA,2,210,330,331,15
BARRANQUILLA,RECLAMACION,DESCUENTO POR NO RECOLECCION PUERTA A PUERTA,0,10,15,22,3
BARRANQUILLA,RECLAMACION,NEGATIVA DE PRESTACION DE UN SERVICIO ESPECIAL,0,0,0,7,0
BARRANQUILLA,RECLAMACION,FRECUENCIAS ADICIONALES DE RECOLECCION,0,1,1,0,0
BARRANQUILLA,RECURSO DE REPOSICION,COBROS POR PROMEDIO,7,205,"1,195","1,187",0
BARRANQUILLA,RECURSO DE REPOSICION,COBRO DE CARGOS RELACIONADOS CON EL SERVICIO PUBLICO,22,150,922,758,0
BARRANQUILLA,RECURSO DE REPOSICION,TARIFA INCORRECTA,65,76,281,252,0
BARRANQUILLA,RECURSO DE REPOSICION,COBRO POR NUMERO DE UNIDADES INDEPENDIENTES,0,110,158,112,0
BARRANQUILLA,RECURSO DE REPOSICION,"CLASE DE USO INCORRECTO (INDUSTRIAL, COMERCIAL, OFICIAL, OTROS)",43,20,113,83,0
BARRANQUILLA,RECURSO DE REPOSICION,COBRO POR SERVICIOS NO PRESTADOS,196,0,0,15,0
BARRANQUILLA,RECURSO DE REPOSICION,COBRO MULTIPLE Y/O ACUMULADO,0,10,45,35,0
BARRANQUILLA,RECURSO DE REPOSICION,ESTRATO INCORRECTO,0,0,0,79,0
BARRANQUILLA,RECURSO DE REPOSICION,MULTIUSUARIO DEL SERVICIO DE ASEO,51,0,0,0,0
BARRANQUILLA,RECURSO DE REPOSICION,QUEJAS ADMINISTRATIVAS,0,8,24,13,0
BARRANQUILLA,RECURSO DE REPOSICION,DESCUENTO POR PREDIO DESOCUPADO,24,3,12,3,0
BARRANQUILLA,RECURSO DE REPOSICION,VARIACIONES EN LAS CARACTERISTICAS DEL SUMINISTRO O PRESTACION DEL SERVICIO,0,2,20,7,0
BARRANQUILLA,RECURSO DE REPOSICION,SUSCRIPTOR QUE EFECTUA EL PAGO PERO ESTE NO ES APLICADO POR LA EMPRESA EN LA FACTURACION,0,13,12,4,0
BARRANQUILLA,RECURSO DE REPOSICION,INCONFORMIDAD CON LA MEDICION DEL CONSUMO O PRODUCCION FACTURADO,2,0,0,21,0
BARRANQUILLA,RECURSO DE REPOSICION,COBROS INOPORTUNOS,0,0,20,0,0
BARRANQUILLA,RECURSO DE REPOSICION,SUBSIDIOS Y CONTRIBUCIONES,0,0,0,3,0
BARRANQUILLA,RECURSO DE REPOSICION,ENTREGA INOPORTUNA O NO ENTREGA DE LA FACTURA,0,3,0,0,0
BARRANQUILLA,RECURSO DE REPOSICION,INCONFORMIDAD CON EL AFORO,1,0,0,0,0
BARRANQUILLA,RECURSO DE REPOSICION Y SUBSIDIARIO DE APELACION,COBROS POR PROMEDIO,194,"6,580","24,370","33,956",2
BARRANQUILLA,RECURSO DE REPOSICION Y SUBSIDIARIO DE APELACION,COBRO DE CARGOS RELACIONADOS CON EL SERVICIO PUBLICO,"1,395","6,653","21,586","21,745",20
BARRANQUILLA,RECURSO DE REPOSICION Y SUBSIDIARIO DE APELACION,TARIFA INCORRECTA,"2,322","2,827","11,369","14,266",0
BARRANQUILLA,RECURSO DE REPOSICION Y SUBSIDIARIO DE APELACION,COBRO POR SERVICIOS NO PRESTADOS,"1,079","3,116","7,976","6,033",0
BARRANQUILLA,RECURSO DE REPOSICION Y SUBSIDIARIO DE APELACION,COBRO POR NUMERO DE UNIDADES INDEPENDIENTES,9,"1,049","4,799","6,236",0
BARRANQUILLA,RECURSO DE REPOSICION Y SUBSIDIARIO DE APELACION,"CLASE DE USO INCORRECTO (INDUSTRIAL, COMERCIAL, OFICIAL, OTROS)","1,145",600,"2,357","3,149",0
BARRANQUILLA,RECURSO DE REPOSICION Y SUBSIDIARIO DE APELACION,ESTRATO INCORRECTO,128,217,"1,241",853,2
BARRANQUILLA,RECURSO DE REPOSICION Y SUBSIDIARIO DE APELACION,COBRO MULTIPLE Y/O ACUMULADO,590,86,363,576,0
BARRANQUILLA,RECURSO DE REPOSICION Y SUBSIDIARIO DE APELACION,MULTIUSUARIO DEL SERVICIO DE ASEO,"1,242",23,0,9,0
BARRANQUILLA,RECURSO DE REPOSICION Y SUBSIDIARIO DE APELACION,SUBSIDIOS Y CONTRIBUCIONES,86,136,482,325,0
BARRANQUILLA,RECURSO DE REPOSICION Y SUBSIDIARIO DE APELACION,DESCUENTO POR PREDIO DESOCUPADO,575,61,158,211,0
BARRANQUILLA,RECURSO DE REPOSICION Y SUBSIDIARIO DE APELACION,COBROS INOPORTUNOS,527,10,160,193,0
BARRANQUILLA,RECURSO DE REPOSICION Y SUBSIDIARIO DE APELACION,INCONFORMIDAD CON EL AFORO,103,109,300,332,0
BARRANQUILLA,RECURSO DE REPOSICION Y SUBSIDIARIO DE APELACION,INCONFORMIDAD CON LA MEDICION DEL CONSUMO O PRODUCCION FACTURADO,22,82,150,147,0
BARRANQUILLA,RECURSO DE REPOSICION Y SUBSIDIARIO DE APELACION,QUEJAS ADMINISTRATIVAS,2,22,99,273,3
BARRANQUILLA,RECURSO DE REPOSICION Y SUBSIDIARIO DE APELACION,SUSCRIPTOR QUE EFECTUA EL PAGO PERO ESTE NO ES APLICADO POR LA EMPRESA EN LA FACTURACION,5,43,110,97,0
BARRANQUILLA,RECURSO DE REPOSICION Y SUBSIDIARIO DE APELACION,ENTREGA INOPORTUNA O NO ENTREGA DE LA FACTURA,0,31,77,116,11
BARRANQUILLA,RECURSO DE REPOSICION Y SUBSIDIARIO DE APELACION,VARIACIONES EN LAS CARACTERISTICAS DEL SUMINISTRO O PRESTACION DEL SERVICIO,10,10,45,75,0
BARRANQUILLA,RECURSO DE REPOSICION Y SUBSIDIARIO DE APELACION,TERMINACION DEL CONTRATO,22,0,0,9,0
BARRANQUILLA,RECURSO DE REPOSICION Y SUBSIDIARIO DE APELACION,DATOS GENERALES INCORRECTOS,0,4,12,11,0
BARRANQUILLA,RECURSO DE REPOSICION Y SUBSIDIARIO DE APELACION,COBRO DE OTROS BIENES O SERVICIOS EN LA FACTURA,0,1,12,10,0
BARRANQUILLA,RECURSO DE REPOSICION Y SUBSIDIARIO DE APELACION,NEGATIVA DE PRESTACION DE UN SERVICIO ESPECIAL,2,0,0,0,0
CAMPO DE LA CRUZ,QUEJA,INTERRUPCIONES EN LA PRESTACION DEL SERVICIO,14,12,10,11,3
CAMPO DE LA CRUZ,QUEJA,VARIACIONES EN LAS CARACTERISTICAS DEL SUMINISTRO O PRESTACION DEL SERVICIO,5,4,1,2,0
CAMPO DE LA CRUZ,QUEJA,AFECTACION AMBIENTAL,0,9,2,0,0
CAMPO DE LA CRUZ,QUEJA,QUEJAS ADMINISTRATIVAS,2,0,0,0,0
CAMPO DE LA CRUZ,RECLAMACION,DESCUENTO POR PREDIO DESOCUPADO,32,66,55,54,27
CAMPO DE LA CRUZ,RECLAMACION,COBRO POR SERVICIOS NO PRESTADOS,10,9,6,6,4
CAMPO DE LA CRUZ,RECLAMACION,TERMINACION DEL CONTRATO,4,9,1,3,3
CAMPO DE LA CRUZ,RECLAMACION,TARIFA INCORRECTA,6,11,1,0,0
CAMPO DE LA CRUZ,RECLAMACION,DESCUENTO POR NO RECOLECCION PUERTA A PUERTA,5,0,0,0,0
CAMPO DE LA CRUZ,RECLAMACION,COBRO DE CARGOS RELACIONADOS CON EL SERVICIO PUBLICO,2,0,0,2,1
CAMPO DE LA CRUZ,RECLAMACION,ESTRATO INCORRECTO,0,0,2,0,2
CAMPO DE LA CRUZ,RECLAMACION,"CLASE DE USO INCORRECTO (INDUSTRIAL, COMERCIAL, OFICIAL, OTROS)",2,2,0,0,0
CAMPO DE LA CRUZ,RECLAMACION,COBRO DE OTROS BIENES O SERVICIOS EN LA FACTURA,0,0,0,0,2
CANDELARIA,QUEJA,VARIACIONES EN LAS CARACTERISTICAS DEL SUMINISTRO O PRESTACION DEL SERVICIO,3,11,9,4,3
CANDELARIA,QUEJA,INTERRUPCIONES EN LA PRESTACION DEL SERVICIO,1,7,5,7,2
CANDELARIA,QUEJA,AFECTACION AMBIENTAL,0,4,2,0,0
CANDELARIA,QUEJA,NO ATENCION DE CONDICIONES DE SEGURIDAD O RIESGO,0,0,0,0,2
CANDELARIA,RECLAMACION,DESCUENTO POR PREDIO DESOCUPADO,18,18,19,10,2
CANDELARIA,RECLAMACION,COBRO POR SERVICIOS NO PRESTADOS,10,0,4,11,0
CANDELARIA,RECLAMACION,TERMINACION DEL CONTRATO,0,2,0,2,4
CANDELARIA,RECLAMACION,DESCUENTO POR NO RECOLECCION PUERTA A PUERTA,5,0,0,0,0
CANDELARIA,RECLAMACION,COBRO DE CARGOS RELACIONADOS CON EL SERVICIO PUBLICO,0,2,0,3,0
CANDELARIA,RECLAMACION,TARIFA INCORRECTA,2,0,1,0,0
CANDELARIA,RECURSO DE REPOSICION,DESCUENTO POR PREDIO DESOCUPADO,1,0,0,0,0
CANDELARIA,RECURSO DE REPOSICION Y SUBSIDIARIO DE APELACION,COBRO POR SERVICIOS NO PRESTADOS,0,0,0,2,0
GALAPA,QUEJA,QUEJAS ADMINISTRATIVAS,3,315,"1,013","1,615",479
GALAPA,QUEJA,ENTREGA INOPORTUNA O NO ENTREGA DE LA FACTURA,5,253,461,476,128
GALAPA,QUEJA,VARIACIONES EN LAS CARACTERISTICAS DEL SUMINISTRO O PRESTACION DEL SERVICIO,8,116,275,488,134
GALAPA,QUEJA,COBROS POR PROMEDIO,0,8,56,252,9
GALAPA,QUEJA,TARIFA INCORRECTA,0,2,101,164,31
GALAPA,QUEJA,SUSCRIPTOR QUE EFECTUA EL PAGO PERO ESTE NO ES APLICADO POR LA EMPRESA EN LA FACTURACION,0,32,34,45,8
GALAPA,QUEJA,COBRO DE OTROS BIENES O SERVICIOS EN LA FACTURA,0,0,41,57,19
GALAPA,QUEJA,COBRO DE CARGOS RELACIONADOS CON EL SERVICIO PUBLICO,0,0,38,55,0
GALAPA,QUEJA,INCONFORMIDAD CON EL AFORO,0,0,0,58,22
GALAPA,QUEJA,COBRO POR SERVICIOS NO PRESTADOS,0,5,0,31,0
GALAPA,QUEJA,COBRO POR NUMERO DE UNIDADES INDEPENDIENTES,0,0,3,15,2
GALAPA,QUEJA,SUBSIDIOS Y CONTRIBUCIONES,0,0,0,4,0
GALAPA,QUEJA,DESCUENTO POR PREDIO DESOCUPADO,0,0,0,4,0
GALAPA,QUEJA,TERMINACION DEL CONTRATO,0,0,0,3,0
GALAPA,QUEJA,INTERRUPCIONES EN LA PRESTACION DEL SERVICIO,2,0,0,0,0
GALAPA,QUEJA,"CLASE DE USO INCORRECTO (INDUSTRIAL, COMERCIAL, OFICIAL, OTROS)",0,0,0,2,0
GALAPA,RECLAMACION,COBROS POR PROMEDIO,78,"1,503","2,214","7,871","2,805"
GALAPA,RECLAMACION,COBRO DE CARGOS RELACIONADOS CON EL SERVICIO PUBLICO,155,"1,148","2,521","5,153","1,467"
GALAPA,RECLAMACION,COBRO POR SERVICIOS NO PRESTADOS,138,"1,056","1,951","3,380","1,079"
GALAPA,RECLAMACION,TARIFA INCORRECTA,326,705,"2,082","2,579",674
GALAPA,RECLAMACION,COBRO POR NUMERO DE UNIDADES INDEPENDIENTES,22,473,"1,202","3,035","1,002"
GALAPA,RECLAMACION,"CLASE DE USO INCORRECTO (INDUSTRIAL, COMERCIAL, OFICIAL, OTROS)",114,213,446,886,383
GALAPA,RECLAMACION,INCONFORMIDAD CON EL AFORO,39,44,249,626,142
GALAPA,RECLAMACION,QUEJAS ADMINISTRATIVAS,4,137,373,424,14
GALAPA,RECLAMACION,SUSCRIPTOR QUE EFECTUA EL PAGO PERO ESTE NO ES APLICADO POR LA EMPRESA EN LA FACTURACION,59,183,309,280,21
GALAPA,RECLAMACION,SUBSIDIOS Y CONTRIBUCIONES,6,10,341,261,66
GALAPA,RECLAMACION,ESTRATO INCORRECTO,0,0,157,320,85
GALAPA,RECLAMACION,COBROS INOPORTUNOS,0,0,125,265,112
GALAPA,RECLAMACION,MULTIUSUARIO DEL SERVICIO DE ASEO,363,0,0,0,0
GALAPA,RECLAMACION,DESCUENTO POR PREDIO DESOCUPADO,135,50,48,53,36
GALAPA,RECLAMACION,COBRO MULTIPLE Y/O ACUMULADO,17,40,120,102,30
GALAPA,RECLAMACION,TERMINACION DEL CONTRATO,16,31,126,82,0
GALAPA,RECLAMACION,INCONFORMIDAD CON LA MEDICION DEL CONSUMO O PRODUCCION FACTURADO,0,48,85,74,19
GALAPA,RECLAMACION,ENTREGA INOPORTUNA O NO ENTREGA DE LA FACTURA,0,1,13,110,7
GALAPA,RECLAMACION,COBRO DE OTROS BIENES O SERVICIOS EN LA FACTURA,0,18,28,36,0
GALAPA,RECLAMACION,VARIACIONES EN LAS CARACTERISTICAS DEL SUMINISTRO O PRESTACION DEL SERVICIO,0,0,6,52,5
GALAPA,RECLAMACION,DATOS GENERALES INCORRECTOS,24,0,0,25,0
GALAPA,RECLAMACION,INTERRUPCIONES EN LA PRESTACION DEL SERVICIO,0,0,10,20,0
GALAPA,RECURSO DE REPOSICION,COBRO DE CARGOS RELACIONADOS CON EL SERVICIO PUBLICO,58,58,0,11,0
GALAPA,RECURSO DE REPOSICION,INCONFORMIDAD CON EL AFORO,0,0,42,18,0
GALAPA,RECURSO DE REPOSICION,QUEJAS ADMINISTRATIVAS,0,3,0,2,0
GALAPA,RECURSO DE REPOSICION,COBROS POR PROMEDIO,0,0,0,3,0
GALAPA,RECURSO DE REPOSICION Y SUBSIDIARIO DE APELACION,COBROS POR PROMEDIO,0,181,564,847,0
GALAPA,RECURSO DE REPOSICION Y SUBSIDIARIO DE APELACION,COBRO DE CARGOS RELACIONADOS CON EL SERVICIO PUBLICO,4,88,364,463,0
GALAPA,RECURSO DE REPOSICION Y SUBSIDIARIO DE APELACION,COBRO POR SERVICIOS NO PRESTADOS,23,138,158,128,0
GALAPA,RECURSO DE REPOSICION Y SUBSIDIARIO DE APELACION,TARIFA INCORRECTA,37,38,125,235,0
GALAPA,RECURSO DE REPOSICION Y SUBSIDIARIO DE APELACION,COBRO POR NUMERO DE UNIDADES INDEPENDIENTES,5,55,111,148,0
GALAPA,RECURSO DE REPOSICION Y SUBSIDIARIO DE APELACION,"CLASE DE USO INCORRECTO (INDUSTRIAL, COMERCIAL, OFICIAL, OTROS)",36,30,60,84,0
GALAPA,RECURSO DE REPOSICION Y SUBSIDIARIO DE APELACION,MULTIUSUARIO DEL SERVICIO DE ASEO,110,0,0,0,0
GALAPA,RECURSO DE REPOSICION Y SUBSIDIARIO DE APELACION,INCONFORMIDAD CON EL AFORO,4,0,13,78,0
GALAPA,RECURSO DE REPOSICION Y SUBSIDIARIO DE APELACION,ESTRATO INCORRECTO,0,0,25,60,0
GALAPA,RECURSO DE REPOSICION Y SUBSIDIARIO DE APELACION,COBROS INOPORTUNOS,0,0,10,36,0
GALAPA,RECURSO DE REPOSICION Y SUBSIDIARIO DE APELACION,COBRO MULTIPLE Y/O ACUMULADO,20,10,0,0,0
GALAPA,RECURSO DE REPOSICION Y SUBSIDIARIO DE APELACION,DESCUENTO POR PREDIO DESOCUPADO,11,0,0,0,0
GALAPA,RECURSO DE REPOSICION Y SUBSIDIARIO DE APELACION,INCONFORMIDAD CON LA MEDICION DEL CONSUMO O PRODUCCION FACTURADO,0,0,0,7,0
GALAPA,RECURSO DE REPOSICION Y SUBSIDIARIO DE APELACION,ENTREGA INOPORTUNA O NO ENTREGA DE LA FACTURA,0,0,0,4,0
GALAPA,RECURSO DE REPOSICION Y SUBSIDIARIO DE APELACION,SUBSIDIOS Y CONTRIBUCIONES,0,0,0,2,0
GALAPA,RECURSO DE REPOSICION Y SUBSIDIARIO DE APELACION,QUEJAS ADMINISTRATIVAS,0,0,0,1,0
JUAN DE ACOSTA,QUEJA,INTERRUPCIONES EN LA PRESTACION DEL SERVICIO,1,20,29,19,11
JUAN DE ACOSTA,QUEJA,VARIACIONES EN LAS CARACTERISTICAS DEL SUMINISTRO O PRESTACION DEL SERVICIO,10,9,9,9,4
JUAN DE ACOSTA,QUEJA,AFECTACION AMBIENTAL,0,9,6,1,1
JUAN DE ACOSTA,QUEJA,QUEJAS ADMINISTRATIVAS,0,2,6,0,0
JUAN DE ACOSTA,QUEJA,NO ATENCION DE CONDICIONES DE SEGURIDAD O RIESGO,0,2,2,1,0
JUAN DE ACOSTA,QUEJA,NEGATIVA DE PRESTACION DE UN SERVICIO ESPECIAL,0,0,1,0,0
JUAN DE ACOSTA,RECLAMACION,DESCUENTO POR PREDIO DESOCUPADO,19,19,35,80,34
JUAN DE ACOSTA,RECLAMACION,COBRO POR SERVICIOS NO PRESTADOS,2,10,17,85,14
JUAN DE ACOSTA,RECLAMACION,TERMINACION DEL CONTRATO,2,8,18,61,21
JUAN DE ACOSTA,RECLAMACION,DESCUENTO POR NO RECOLECCION PUERTA A PUERTA,29,24,16,0,0
JUAN DE ACOSTA,RECLAMACION,TARIFA INCORRECTA,17,4,10,22,1
JUAN DE ACOSTA,RECLAMACION,COBRO POR NUMERO DE UNIDADES INDEPENDIENTES,0,2,0,24,3
JUAN DE ACOSTA,RECLAMACION,ESTRATO INCORRECTO,2,0,12,12,0
JUAN DE ACOSTA,RECLAMACION,COBRO MULTIPLE Y/O ACUMULADO,6,5,1,9,2
JUAN DE ACOSTA,RECLAMACION,COBRO DE CARGOS RELACIONADOS CON EL SERVICIO PUBLICO,0,0,4,10,7
JUAN DE ACOSTA,RECLAMACION,INCONFORMIDAD CON EL AFORO,2,2,3,1,0
JUAN DE ACOSTA,RECLAMACION,COBROS POR PROMEDIO,2,0,0,0,0
JUAN DE ACOSTA,RECLAMACION,"CLASE DE USO INCORRECTO (INDUSTRIAL, COMERCIAL, OFICIAL, OTROS)",0,0,2,0,0
JUAN DE ACOSTA,RECLAMACION,INTERRUPCIONES EN LA PRESTACION DEL SERVICIO,0,0,0,0,1
JUAN DE ACOSTA,RECLAMACION,AFECTACION AMBIENTAL,1,0,0,0,0
JUAN DE ACOSTA,RECLAMACION,SUSCRIPTOR QUE EFECTUA EL PAGO PERO ESTE NO ES APLICADO POR LA EMPRESA EN LA FACTURACION,0,0,1,0,0
JUAN DE ACOSTA,RECURSO DE REPOSICION,TERMINACION DEL CONTRATO,0,0,1,4,0
JUAN DE ACOSTA,RECURSO DE REPOSICION,COBRO POR SERVICIOS NO PRESTADOS,0,0,1,0,0
JUAN DE ACOSTA,RECURSO DE REPOSICION Y SUBSIDIARIO DE APELACION,TERMINACION DEL CONTRATO,0,0,0,0,1
JUAN DE ACOSTA,RECURSO DE REPOSICION Y SUBSIDIARIO DE APELACION,ESTRATO INCORRECTO,0,0,0,1,0
JUAN DE ACOSTA,RECURSO DE REPOSICION Y SUBSIDIARIO DE APELACION,COBRO POR SERVICIOS NO PRESTADOS,0,0,0,1,0
LURUACO,QUEJA,INTERRUPCIONES EN LA PRESTACION DEL SERVICIO,0,0,0,1,4
LURUACO,QUEJA,NO ATENCION DE CONDICIONES DE SEGURIDAD O RIESGO,0,0,0,0,2
LURUACO,RECLAMACION,DESCUENTO POR PREDIO DESOCUPADO,0,0,0,36,77
LURUACO,RECLAMACION,INCONFORMIDAD CON LA MEDICION DEL CONSUMO O PRODUCCION FACTURADO,77,14,12,0,0
LURUACO,RECLAMACION,TERMINACION DEL CONTRATO,0,0,0,2,28
LURUACO,RECLAMACION,TARIFA INCORRECTA,0,0,11,10,0
LURUACO,RECLAMACION,COBRO DE CARGOS RELACIONADOS CON EL SERVICIO PUBLICO,0,0,0,18,2
LURUACO,RECLAMACION,ESTRATO INCORRECTO,0,0,0,14,3
LURUACO,RECLAMACION,COBRO POR SERVICIOS NO PRESTADOS,8,0,0,0,8
LURUACO,RECLAMACION,COBRO POR NUMERO DE UNIDADES INDEPENDIENTES,0,0,0,2,5
LURUACO,RECLAMACION,COBRO MULTIPLE Y/O ACUMULADO,0,0,0,2,5
LURUACO,RECLAMACION,DESCUENTO POR NO RECOLECCION PUERTA A PUERTA,1,0,0,1,0
LURUACO,RECLAMACION,COBROS INOPORTUNOS,0,0,0,0,2
LURUACO,RECLAMACION,"CLASE DE USO INCORRECTO (INDUSTRIAL, COMERCIAL, OFICIAL, OTROS)",0,0,0,0,1
MALAMBO,QUEJA,INTERRUPCIONES EN LA PRESTACION DEL SERVICIO,97,105,113,202,112
MALAMBO,QUEJA,VARIACIONES EN LAS CARACTERISTICAS DEL SUMINISTRO O PRESTACION DEL SERVICIO,34,56,67,67,19
MALAMBO,QUEJA,AFECTACION AMBIENTAL,16,10,31,19,6
MALAMBO,QUEJA,QUEJAS ADMINISTRATIVAS,8,14,24,10,3
MALAMBO,QUEJA,NO ATENCION DE CONDICIONES DE SEGURIDAD O RIESGO,3,3,3,5,6
MALAMBO,QUEJA,NEGATIVA DE PRESTACION DE UN SERVICIO ESPECIAL,3,6,0,0,0
MALAMBO,RECLAMACION,TERMINACION DEL CONTRATO,"1,986","1,280",532,340,46
MALAMBO,RECLAMACION,DESCUENTO POR PREDIO DESOCUPADO,337,440,767,615,241
MALAMBO,RECLAMACION,DESCUENTO POR NO RECOLECCION PUERTA A PUERTA,869,852,574,1,0
MALAMBO,RECLAMACION,TARIFA INCORRECTA,725,498,154,86,11
MALAMBO,RECLAMACION,ESTRATO INCORRECTO,233,228,240,72,14
MALAMBO,RECLAMACION,COBRO POR SERVICIOS NO PRESTADOS,134,219,177,60,70
MALAMBO,RECLAMACION,COBRO DE CARGOS RELACIONADOS CON EL SERVICIO PUBLICO,55,30,68,28,52
MALAMBO,RECLAMACION,AFECTACION AMBIENTAL,67,0,0,0,0
MALAMBO,RECLAMACION,COBRO MULTIPLE Y/O ACUMULADO,12,32,16,5,2
MALAMBO,RECLAMACION,INCONFORMIDAD CON EL AFORO,12,3,5,6,0
MALAMBO,RECLAMACION,COBRO POR NUMERO DE UNIDADES INDEPENDIENTES,0,1,10,9,4
MALAMBO,RECLAMACION,INTERRUPCIONES EN LA PRESTACION DEL SERVICIO,12,3,2,0,0
MALAMBO,RECLAMACION,ENTREGA INOPORTUNA O NO ENTREGA DE LA FACTURA,3,5,0,2,1
MALAMBO,RECLAMACION,"CLASE DE USO INCORRECTO (INDUSTRIAL, COMERCIAL, OFICIAL, OTROS)",0,3,6,0,0
MALAMBO,RECLAMACION,COBROS INOPORTUNOS,2,2,2,2,0
MALAMBO,RECLAMACION,FRECUENCIAS ADICIONALES DE BARRIDO,2,2,2,0,0
MALAMBO,RECLAMACION,INCONFORMIDAD CON LA MEDICION DEL CONSUMO O PRODUCCION FACTURADO,5,0,0,0,0
MALAMBO,RECLAMACION,COBROS POR PROMEDIO,5,0,0,0,0
MALAMBO,RECLAMACION,SUBSIDIOS Y CONTRIBUCIONES,2,2,0,0,0
MALAMBO,RECLAMACION,FRECUENCIAS ADICIONALES DE RECOLECCION,0,0,1,0,1
MALAMBO,RECLAMACION,DATOS GENERALES INCORRECTOS,0,2,0,0,0
MALAMBO,RECLAMACION,COBRO DE OTROS BIENES O SERVICIOS EN LA FACTURA,0,0,0,0,2
MALAMBO,RECLAMACION,MULTIUSUARIO DEL SERVICIO DE ASEO,0,0,0,1,0
MALAMBO,RECURSO DE REPOSICION,TERMINACION DEL CONTRATO,2,0,11,0,0
MALAMBO,RECURSO DE REPOSICION,TARIFA INCORRECTA,0,0,4,0,0
MALAMBO,RECURSO DE REPOSICION,DESCUENTO POR PREDIO DESOCUPADO,2,0,2,0,0
MALAMBO,RECURSO DE REPOSICION,ESTRATO INCORRECTO,0,0,3,0,0
MALAMBO,RECURSO DE REPOSICION,DESCUENTO POR NO RECOLECCION PUERTA A PUERTA,2,0,0,0,0
MALAMBO,RECURSO DE REPOSICION,COBRO POR SERVICIOS NO PRESTADOS,0,0,1,0,0
MALAMBO,RECURSO DE REPOSICION Y SUBSIDIARIO DE APELACION,TERMINACION DEL CONTRATO,7,3,11,2,0
MALAMBO,RECURSO DE REPOSICION Y SUBSIDIARIO DE APELACION,TARIFA INCORRECTA,1,3,4,0,0
MALAMBO,RECURSO DE REPOSICION Y SUBSIDIARIO DE APELACION,COBRO POR SERVICIOS NO PRESTADOS,1,2,4,0,0
MALAMBO,RECURSO DE REPOSICION Y SUBSIDIARIO DE APELACION,DESCUENTO POR PREDIO DESOCUPADO,2,2,1,0,1
MALAMBO,RECURSO DE REPOSICION Y SUBSIDIARIO DE APELACION,COBRO DE CARGOS RELACIONADOS CON EL SERVICIO PUBLICO,0,2,4,0,0
MALAMBO,RECURSO DE REPOSICION Y SUBSIDIARIO DE APELACION,ESTRATO INCORRECTO,1,2,1,1,0
MALAMBO,RECURSO DE REPOSICION Y SUBSIDIARIO DE APELACION,NO ATENCION DE CONDICIONES DE SEGURIDAD O RIESGO,0,2,0,0,2
MALAMBO,RECURSO DE REPOSICION Y SUBSIDIARIO DE APELACION,INTERRUPCIONES EN LA PRESTACION DEL SERVICIO,0,0,2,0,0
MANATI,QUEJA,INTERRUPCIONES EN LA PRESTACION DEL SERVICIO,2,1,6,8,7
MANATI,QUEJA,VARIACIONES EN LAS CARACTERISTICAS DEL SUMINISTRO O PRESTACION DEL SERVICIO,0,4,4,12,2
MANATI,QUEJA,AFECTACION AMBIENTAL,0,11,2,0,0
MANATI,RECLAMACION,DESCUENTO POR PREDIO DESOCUPADO,15,26,29,21,5
MANATI,RECLAMACION,TERMINACION DEL CONTRATO,6,15,7,5,0
MANATI,RECLAMACION,COBRO POR SERVICIOS NO PRESTADOS,8,9,6,3,1
MANATI,RECLAMACION,TARIFA INCORRECTA,4,2,2,2,2
MANATI,RECLAMACION,DESCUENTO POR NO RECOLECCION PUERTA A PUERTA,2,0,0,0,0
MANATI,RECURSO DE REPOSICION Y SUBSIDIARIO DE APELACION,COBRO POR SERVICIOS NO PRESTADOS,1,0,0,0,0
PALMAR DE VARELA,QUEJA,INTERRUPCIONES EN LA PRESTACION DEL SERVICIO,11,12,7,58,8
PALMAR DE VARELA,QUEJA,VARIACIONES EN LAS CARACTERISTICAS DEL SUMINISTRO O PRESTACION DEL SERVICIO,4,8,10,4,3
PALMAR DE VARELA,QUEJA,AFECTACION AMBIENTAL,0,0,3,1,4
PALMAR DE VARELA,QUEJA,QUEJAS ADMINISTRATIVAS,2,4,0,0,0
PALMAR DE VARELA,RECLAMACION,DESCUENTO POR PREDIO DESOCUPADO,139,215,181,273,113
PALMAR DE VARELA,RECLAMACION,TARIFA INCORRECTA,62,22,5,73,17
PALMAR DE VARELA,RECLAMACION,COBRO POR NUMERO DE UNIDADES INDEPENDIENTES,0,0,0,132,14
PALMAR DE VARELA,RECLAMACION,COBRO POR SERVICIOS NO PRESTADOS,25,17,13,40,8
PALMAR DE VARELA,RECLAMACION,TERMINACION DEL CONTRATO,7,7,5,14,28
PALMAR DE VARELA,RECLAMACION,COBRO DE CARGOS RELACIONADOS CON EL SERVICIO PUBLICO,1,1,5,29,10
PALMAR DE VARELA,RECLAMACION,DESCUENTO POR NO RECOLECCION PUERTA A PUERTA,30,0,1,3,0
PALMAR DE VARELA,RECLAMACION,COBRO MULTIPLE Y/O ACUMULADO,12,1,2,12,4
PALMAR DE VARELA,RECLAMACION,ESTRATO INCORRECTO,7,4,7,0,2
PALMAR DE VARELA,RECLAMACION,COBROS POR PROMEDIO,0,0,0,0,2
PALMAR DE VARELA,RECLAMACION,COBRO DE OTROS BIENES O SERVICIOS EN LA FACTURA,0,0,0,0,2
PALMAR DE VARELA,RECLAMACION,"CLASE DE USO INCORRECTO (INDUSTRIAL, COMERCIAL, OFICIAL, OTROS)",0,0,0,0,2
PALMAR DE VARELA,RECLAMACION,INCONFORMIDAD CON EL AFORO,0,1,0,0,0
PALMAR DE VARELA,RECURSO DE REPOSICION,DESCUENTO POR PREDIO DESOCUPADO,0,1,1,0,0
PALMAR DE VARELA,RECURSO DE REPOSICION Y SUBSIDIARIO DE APELACION,TARIFA INCORRECTA,0,0,0,3,4
PALMAR DE VARELA,RECURSO DE REPOSICION Y SUBSIDIARIO DE APELACION,COBRO DE CARGOS RELACIONADOS CON EL SERVICIO PUBLICO,0,0,0,1,1
PALMAR DE VARELA,RECURSO DE REPOSICION Y SUBSIDIARIO DE APELACION,"CLASE DE USO INCORRECTO (INDUSTRIAL, COMERCIAL, OFICIAL, OTROS)",0,0,0,0,2
PALMAR DE VARELA,RECURSO DE REPOSICION Y SUBSIDIARIO DE APELACION,COBRO POR SERVICIOS NO PRESTADOS,0,0,0,1,0
PALMAR DE VARELA,RECURSO DE REPOSICION Y SUBSIDIARIO DE APELACION,COBRO POR NUMERO DE UNIDADES INDEPENDIENTES,0,0,0,1,0
PIOJO,QUEJA,INTERRUPCIONES EN LA PRESTACION DEL SERVICIO,2,2,4,7,2
PIOJO,QUEJA,VARIACIONES EN LAS CARACTERISTICAS DEL SUMINISTRO O PRESTACION DEL SERVICIO,3,0,4,0,3
PIOJO,QUEJA,AFECTACION AMBIENTAL,0,4,1,1,0
PIOJO,QUEJA,NO ATENCION DE CONDICIONES DE SEGURIDAD O RIESGO,2,0,0,0,0
PIOJO,RECLAMACION,DESCUENTO POR PREDIO DESOCUPADO,9,13,4,25,8
PIOJO,RECLAMACION,COBRO POR SERVICIOS NO PRESTADOS,7,6,6,31,2
PIOJO,RECLAMACION,TERMINACION DEL CONTRATO,6,5,5,6,0
PIOJO,RECLAMACION,ESTRATO INCORRECTO,3,6,4,3,0
PIOJO,RECLAMACION,TARIFA INCORRECTA,6,1,3,2,0
PIOJO,RECLAMACION,COBRO DE CARGOS RELACIONADOS CON EL SERVICIO PUBLICO,0,0,0,4,0
PIOJO,RECLAMACION,DESCUENTO POR NO RECOLECCION PUERTA A PUERTA,0,0,0,2,0
PIOJO,RECLAMACION,"CLASE DE USO INCORRECTO (INDUSTRIAL, COMERCIAL, OFICIAL, OTROS)",2,0,0,0,0
PIOJO,RECLAMACION,COBRO POR NUMERO DE UNIDADES INDEPENDIENTES,0,0,0,1,0
POLONUEVO,QUEJA,INTERRUPCIONES EN LA PRESTACION DEL SERVICIO,5,1,9,10,6
POLONUEVO,QUEJA,AFECTACION AMBIENTAL,0,8,2,1,0
POLONUEVO,QUEJA,VARIACIONES EN LAS CARACTERISTICAS DEL SUMINISTRO O PRESTACION DEL SERVICIO,2,0,1,4,0
POLONUEVO,QUEJA,QUEJAS ADMINISTRATIVAS,0,2,0,0,0
POLONUEVO,RECLAMACION,DESCUENTO POR PREDIO DESOCUPADO,71,65,87,166,84
POLONUEVO,RECLAMACION,COBRO POR NUMERO DE UNIDADES INDEPENDIENTES,0,0,0,145,24
POLONUEVO,RECLAMACION,TARIFA INCORRECTA,52,9,2,52,9
POLONUEVO,RECLAMACION,DESCUENTO POR NO RECOLECCION PUERTA A PUERTA,58,36,24,4,0
POLONUEVO,RECLAMACION,COBRO POR SERVICIOS NO PRESTADOS,18,19,13,61,6
POLONUEVO,RECLAMACION,TERMINACION DEL CONTRATO,1,14,7,50,10
POLONUEVO,RECLAMACION,ESTRATO INCORRECTO,17,15,13,16,2
POLONUEVO,RECLAMACION,COBRO DE CARGOS RELACIONADOS CON EL SERVICIO PUBLICO,0,5,1,31,15
POLONUEVO,RECLAMACION,INCONFORMIDAD CON EL AFORO,12,12,12,11,0
POLONUEVO,RECLAMACION,COBRO DE OTROS BIENES O SERVICIOS EN LA FACTURA,0,0,0,0,12
POLONUEVO,RECLAMACION,COBRO MULTIPLE Y/O ACUMULADO,3,0,4,0,0
POLONUEVO,RECLAMACION,"CLASE DE USO INCORRECTO (INDUSTRIAL, COMERCIAL, OFICIAL, OTROS)",2,0,0,0,0
POLONUEVO,RECLAMACION,FRECUENCIAS ADICIONALES DE RECOLECCION,0,1,0,0,0
POLONUEVO,RECLAMACION,AFECTACION AMBIENTAL,1,0,0,0,0
POLONUEVO,RECURSO DE REPOSICION,TARIFA INCORRECTA,0,0,1,0,0
POLONUEVO,RECURSO DE REPOSICION,INCONFORMIDAD CON EL AFORO,0,0,1,0,0
POLONUEVO,RECURSO DE REPOSICION,ESTRATO INCORRECTO,0,0,1,0,0
POLONUEVO,RECURSO DE REPOSICION Y SUBSIDIARIO DE APELACION,COBRO POR SERVICIOS NO PRESTADOS,0,0,0,1,0
POLONUEVO,RECURSO DE REPOSICION Y SUBSIDIARIO DE APELACION,COBRO POR NUMERO DE UNIDADES INDEPENDIENTES,0,0,0,1,0
POLONUEVO,RECURSO DE REPOSICION Y SUBSIDIARIO DE APELACION,COBRO DE CARGOS RELACIONADOS CON EL SERVICIO PUBLICO,0,0,0,1,0
PONEDERA,QUEJA,ENTREGA INOPORTUNA O NO ENTREGA DE LA FACTURA,0,9,38,55,18
PONEDERA,QUEJA,QUEJAS ADMINISTRATIVAS,0,3,24,75,17
PONEDERA,QUEJA,VARIACIONES EN LAS CARACTERISTICAS DEL SUMINISTRO O PRESTACION DEL SERVICIO,4,4,19,43,10
PONEDERA,QUEJA,INTERRUPCIONES EN LA PRESTACION DEL SERVICIO,4,3,4,16,3
PONEDERA,QUEJA,COBROS POR PROMEDIO,0,0,0,7,0
PONEDERA,QUEJA,COBRO DE OTROS BIENES O SERVICIOS EN LA FACTURA,0,0,0,3,3
PONEDERA,QUEJA,AFECTACION AMBIENTAL,0,1,1,2,0
PONEDERA,QUEJA,DATOS GENERALES INCORRECTOS,0,0,0,3,0
PONEDERA,QUEJA,NO ATENCION DE CONDICIONES DE SEGURIDAD O RIESGO,0,0,0,2,0
PONEDERA,RECLAMACION,COBROS POR PROMEDIO,0,0,210,"1,361",421
PONEDERA,RECLAMACION,COBRO DE CARGOS RELACIONADOS CON EL SERVICIO PUBLICO,0,4,221,793,103
PONEDERA,RECLAMACION,TARIFA INCORRECTA,14,50,248,156,29
PONEDERA,RECLAMACION,COBRO POR SERVICIOS NO PRESTADOS,4,9,59,247,54
PONEDERA,RECLAMACION,DESCUENTO POR PREDIO DESOCUPADO,35,40,58,54,30
PONEDERA,RECLAMACION,SUBSIDIOS Y CONTRIBUCIONES,0,0,75,22,1
PONEDERA,RECLAMACION,TERMINACION DEL CONTRATO,0,8,16,14,0
PONEDERA,RECLAMACION,SUSCRIPTOR QUE EFECTUA EL PAGO PERO ESTE NO ES APLICADO POR LA EMPRESA EN LA FACTURACION,0,0,6,21,4
PONEDERA,RECLAMACION,DATOS GENERALES INCORRECTOS,0,0,0,21,0
PONEDERA,RECLAMACION,COBRO POR NUMERO DE UNIDADES INDEPENDIENTES,0,0,0,9,6
PONEDERA,RECLAMACION,ESTRATO INCORRECTO,2,1,3,3,4
PONEDERA,RECLAMACION,DESCUENTO POR NO RECOLECCION PUERTA A PUERTA,9,0,0,0,0
PONEDERA,RECLAMACION,COBRO MULTIPLE Y/O ACUMULADO,0,0,1,4,2
PONEDERA,RECLAMACION,COBRO DE OTROS BIENES O SERVICIOS EN LA FACTURA,0,0,0,6,0
PONEDERA,RECLAMACION,QUEJAS ADMINISTRATIVAS,0,0,0,5,0
PONEDERA,RECLAMACION,MULTIUSUARIO DEL SERVICIO DE ASEO,1,0,0,0,0
PONEDERA,RECURSO DE REPOSICION Y SUBSIDIARIO DE APELACION,COBROS POR PROMEDIO,0,0,51,151,0
PONEDERA,RECURSO DE REPOSICION Y SUBSIDIARIO DE APELACION,COBRO DE CARGOS RELACIONADOS CON EL SERVICIO PUBLICO,0,0,3,32,0
PONEDERA,RECURSO DE REPOSICION Y SUBSIDIARIO DE APELACION,TARIFA INCORRECTA,0,1,2,9,0
PONEDERA,RECURSO DE REPOSICION Y SUBSIDIARIO DE APELACION,COBRO POR SERVICIOS NO PRESTADOS,0,0,0,6,0
PUERTO COLOMBIA,QUEJA,QUEJAS ADMINISTRATIVAS,6,534,"1,554","2,380",724
PUERTO COLOMBIA,QUEJA,ENTREGA INOPORTUNA O NO ENTREGA DE LA FACTURA,4,536,766,943,242
PUERTO COLOMBIA,QUEJA,VARIACIONES EN LAS CARACTERISTICAS DEL SUMINISTRO O PRESTACION DEL SERVICIO,21,144,323,571,174
PUERTO COLOMBIA,QUEJA,SUSCRIPTOR QUE EFECTUA EL PAGO PERO ESTE NO ES APLICADO POR LA EMPRESA EN LA FACTURACION,4,200,370,524,122
PUERTO COLOMBIA,QUEJA,COBRO DE CARGOS RELACIONADOS CON EL SERVICIO PUBLICO,0,20,296,385,11
PUERTO COLOMBIA,QUEJA,TARIFA INCORRECTA,0,39,177,334,39
PUERTO COLOMBIA,QUEJA,INTERRUPCIONES EN LA PRESTACION DEL SERVICIO,358,0,0,0,0
PUERTO COLOMBIA,QUEJA,COBROS POR PROMEDIO,0,9,93,155,7
PUERTO COLOMBIA,QUEJA,COBRO DE OTROS BIENES O SERVICIOS EN LA FACTURA,0,0,19,73,29
PUERTO COLOMBIA,QUEJA,NEGATIVA DE PRESTACION DE UN SERVICIO ESPECIAL,1,14,24,18,6
PUERTO COLOMBIA,QUEJA,ESTRATO INCORRECTO,0,0,0,38,0
PUERTO COLOMBIA,QUEJA,COBRO POR NUMERO DE UNIDADES INDEPENDIENTES,0,0,0,36,0
PUERTO COLOMBIA,QUEJA,COBRO POR SERVICIOS NO PRESTADOS,0,0,5,27,0
PUERTO COLOMBIA,QUEJA,DATOS GENERALES INCORRECTOS,0,11,0,9,0
PUERTO COLOMBIA,QUEJA,TERMINACION DEL CONTRATO,0,0,5,12,0
PUERTO COLOMBIA,QUEJA,DESCUENTO POR PREDIO DESOCUPADO,0,0,0,12,0
PUERTO COLOMBIA,QUEJA,INCONFORMIDAD CON EL AFORO,0,0,0,9,0
PUERTO COLOMBIA,QUEJA,"CLASE DE USO INCORRECTO (INDUSTRIAL, COMERCIAL, OFICIAL, OTROS)",0,0,0,4,0
PUERTO COLOMBIA,QUEJA,MULTIUSUARIO DEL SERVICIO DE ASEO,0,0,0,2,0
PUERTO COLOMBIA,RECLAMACION,COBRO DE CARGOS RELACIONADOS CON EL SERVICIO PUBLICO,322,"3,558","10,841","22,557","6,182"
PUERTO COLOMBIA,RECLAMACION,TARIFA INCORRECTA,837,"4,710","10,092","19,740","4,890"
PUERTO COLOMBIA,RECLAMACION,COBROS POR PROMEDIO,97,"1,880","5,119","10,905","3,171"
PUERTO COLOMBIA,RECLAMACION,COBRO POR SERVICIOS NO PRESTADOS,392,"1,503","2,888","5,153","1,371"
PUERTO COLOMBIA,RECLAMACION,ESTRATO INCORRECTO,536,"1,000","1,389","3,870",978
PUERTO COLOMBIA,RECLAMACION,COBRO POR NUMERO DE UNIDADES INDEPENDIENTES,2,732,"1,288","2,227",613
PUERTO COLOMBIA,RECLAMACION,QUEJAS ADMINISTRATIVAS,11,531,"1,704","1,334",21
PUERTO COLOMBIA,RECLAMACION,SUSCRIPTOR QUE EFECTUA EL PAGO PERO ESTE NO ES APLICADO POR LA EMPRESA EN LA FACTURACION,47,621,"1,016","1,024",130
PUERTO COLOMBIA,RECLAMACION,"CLASE DE USO INCORRECTO (INDUSTRIAL, COMERCIAL, OFICIAL, OTROS)",104,137,348,770,293
PUERTO COLOMBIA,RECLAMACION,COBROS INOPORTUNOS,2,211,347,298,61
PUERTO COLOMBIA,RECLAMACION,DESCUENTO POR PREDIO DESOCUPADO,348,93,171,189,41
PUERTO COLOMBIA,RECLAMACION,TERMINACION DEL CONTRATO,42,103,333,263,0
PUERTO COLOMBIA,RECLAMACION,MULTIUSUARIO DEL SERVICIO DE ASEO,254,19,75,29,0
PUERTO COLOMBIA,RECLAMACION,INCONFORMIDAD CON EL AFORO,63,44,42,119,47
PUERTO COLOMBIA,RECLAMACION,INCONFORMIDAD CON LA MEDICION DEL CONSUMO O PRODUCCION FACTURADO,4,12,44,80,24
PUERTO COLOMBIA,RECLAMACION,DATOS GENERALES INCORRECTOS,98,2,4,52,0
PUERTO COLOMBIA,RECLAMACION,ENTREGA INOPORTUNA O NO ENTREGA DE LA FACTURA,0,3,9,129,9
PUERTO COLOMBIA,RECLAMACION,COBRO MULTIPLE Y/O ACUMULADO,24,0,0,54,60
PUERTO COLOMBIA,RECLAMACION,VARIACIONES EN LAS CARACTERISTICAS DEL SUMINISTRO O PRESTACION DEL SERVICIO,0,1,16,51,7
PUERTO COLOMBIA,RECLAMACION,SUBSIDIOS Y CONTRIBUCIONES,6,0,21,28,13
PUERTO COLOMBIA,RECLAMACION,COBRO DE OTROS BIENES O SERVICIOS EN LA FACTURA,0,0,11,18,0
PUERTO COLOMBIA,RECURSO DE REPOSICION,COBRO DE CARGOS RELACIONADOS CON EL SERVICIO PUBLICO,0,28,112,111,0
PUERTO COLOMBIA,RECURSO DE REPOSICION,COBROS POR PROMEDIO,0,24,60,60,0
PUERTO COLOMBIA,RECURSO DE REPOSICION,QUEJAS ADMINISTRATIVAS,0,6,12,3,0
PUERTO COLOMBIA,RECURSO DE REPOSICION,TARIFA INCORRECTA,0,4,12,3,0
PUERTO COLOMBIA,RECURSO DE REPOSICION,SUSCRIPTOR QUE EFECTUA EL PAGO PERO ESTE NO ES APLICADO POR LA EMPRESA EN LA FACTURACION,0,0,0,2,0
PUERTO COLOMBIA,RECURSO DE REPOSICION,VARIACIONES EN LAS CARACTERISTICAS DEL SUMINISTRO O PRESTACION DEL SERVICIO,0,2,0,0,0
PUERTO COLOMBIA,RECURSO DE REPOSICION,ENTREGA INOPORTUNA O NO ENTREGA DE LA FACTURA,0,0,0,2,0
PUERTO COLOMBIA,RECURSO DE REPOSICION,COBRO POR SERVICIOS NO PRESTADOS,0,0,0,1,0
PUERTO COLOMBIA,RECURSO DE REPOSICION Y SUBSIDIARIO DE APELACION,COBRO DE CARGOS RELACIONADOS CON EL SERVICIO PUBLICO,62,392,"1,490","1,560",0
PUERTO COLOMBIA,RECURSO DE REPOSICION Y SUBSIDIARIO DE APELACION,COBROS POR PROMEDIO,105,181,"1,028","1,380",0
PUERTO COLOMBIA,RECURSO DE REPOSICION Y SUBSIDIARIO DE APELACION,TARIFA INCORRECTA,66,151,400,731,0
PUERTO COLOMBIA,RECURSO DE REPOSICION Y SUBSIDIARIO DE APELACION,ESTRATO INCORRECTO,359,15,139,225,0
PUERTO COLOMBIA,RECURSO DE REPOSICION Y SUBSIDIARIO DE APELACION,"CLASE DE USO INCORRECTO (INDUSTRIAL, COMERCIAL, OFICIAL, OTROS)",71,92,252,151,0
PUERTO COLOMBIA,RECURSO DE REPOSICION Y SUBSIDIARIO DE APELACION,COBRO POR SERVICIOS NO PRESTADOS,0,138,182,242,0
PUERTO COLOMBIA,RECURSO DE REPOSICION Y SUBSIDIARIO DE APELACION,COBRO POR NUMERO DE UNIDADES INDEPENDIENTES,0,33,217,266,0
PUERTO COLOMBIA,RECURSO DE REPOSICION Y SUBSIDIARIO DE APELACION,COBROS INOPORTUNOS,0,10,55,38,0
PUERTO COLOMBIA,RECURSO DE REPOSICION Y SUBSIDIARIO DE APELACION,INTERRUPCIONES EN LA PRESTACION DEL SERVICIO,84,0,0,0,0
PUERTO COLOMBIA,RECURSO DE REPOSICION Y SUBSIDIARIO DE APELACION,SUSCRIPTOR QUE EFECTUA EL PAGO PERO ESTE NO ES APLICADO POR LA EMPRESA EN LA FACTURACION,0,9,12,21,0
PUERTO COLOMBIA,RECURSO DE REPOSICION Y SUBSIDIARIO DE APELACION,INCONFORMIDAD CON EL AFORO,36,0,0,0,0
PUERTO COLOMBIA,RECURSO DE REPOSICION Y SUBSIDIARIO DE APELACION,VARIACIONES EN LAS CARACTERISTICAS DEL SUMINISTRO O PRESTACION DEL SERVICIO,4,12,12,3,0
PUERTO COLOMBIA,RECURSO DE REPOSICION Y SUBSIDIARIO DE APELACION,DESCUENTO POR PREDIO DESOCUPADO,23,0,0,0,0
PUERTO COLOMBIA,RECURSO DE REPOSICION Y SUBSIDIARIO DE APELACION,MULTIUSUARIO DEL SERVICIO DE ASEO,21,0,0,0,0
PUERTO COLOMBIA,RECURSO DE REPOSICION Y SUBSIDIARIO DE APELACION,COBRO MULTIPLE Y/O ACUMULADO,20,0,0,0,0
PUERTO COLOMBIA,RECURSO DE REPOSICION Y SUBSIDIARIO DE APELACION,QUEJAS ADMINISTRATIVAS,0,0,0,11,0
PUERTO COLOMBIA,RECURSO DE REPOSICION Y SUBSIDIARIO DE APELACION,TERMINACION DEL CONTRATO,0,0,0,3,0
PUERTO COLOMBIA,RECURSO DE REPOSICION Y SUBSIDIARIO DE APELACION,SUBSIDIOS Y CONTRIBUCIONES,0,0,0,2,0
REPELON,QUEJA,INTERRUPCIONES EN LA PRESTACION DEL SERVICIO,14,2,4,6,2
REPELON,QUEJA,VARIACIONES EN LAS CARACTERISTICAS DEL SUMINISTRO O PRESTACION DEL SERVICIO,2,0,5,2,0
REPELON,QUEJA,QUEJAS ADMINISTRATIVAS,0,2,0,0,2
REPELON,QUEJA,AFECTACION AMBIENTAL,0,1,0,0,1
REPELON,RECLAMACION,DESCUENTO POR PREDIO DESOCUPADO,56,72,91,80,43
REPELON,RECLAMACION,TARIFA INCORRECTA,34,13,1,1,0
REPELON,RECLAMACION,COBRO POR SERVICIOS NO PRESTADOS,19,7,8,2,1
REPELON,RECLAMACION,TERMINACION DEL CONTRATO,6,8,5,0,0
REPELON,RECLAMACION,ESTRATO INCORRECTO,9,7,3,0,0
REPELON,RECLAMACION,COBRO DE CARGOS RELACIONADOS CON EL SERVICIO PUBLICO,3,0,1,0,10
REPELON,RECLAMACION,DESCUENTO POR NO RECOLECCION PUERTA A PUERTA,10,0,0,0,0
REPELON,RECLAMACION,COBRO MULTIPLE Y/O ACUMULADO,4,0,3,0,0
REPELON,RECLAMACION,"CLASE DE USO INCORRECTO (INDUSTRIAL, COMERCIAL, OFICIAL, OTROS)",0,0,0,0,2
REPELON,RECURSO DE REPOSICION,COBRO MULTIPLE Y/O ACUMULADO,1,0,0,0,0
SABANAGRANDE,QUEJA,INTERRUPCIONES EN LA PRESTACION DEL SERVICIO,11,18,33,48,26
SABANAGRANDE,QUEJA,VARIACIONES EN LAS CARACTERISTICAS DEL SUMINISTRO O PRESTACION DEL SERVICIO,4,7,12,17,4
SABANAGRANDE,QUEJA,AFECTACION AMBIENTAL,0,6,9,6,0
SABANAGRANDE,QUEJA,NO ATENCION DE CONDICIONES DE SEGURIDAD O RIESGO,0,0,2,1,5
SABANAGRANDE,QUEJA,QUEJAS ADMINISTRATIVAS,0,0,4,0,0
SABANAGRANDE,RECLAMACION,DESCUENTO POR PREDIO DESOCUPADO,120,235,176,439,205
SABANAGRANDE,RECLAMACION,TARIFA INCORRECTA,94,32,18,141,33
SABANAGRANDE,RECLAMACION,COBRO POR SERVICIOS NO PRESTADOS,41,149,16,83,8
SABANAGRANDE,RECLAMACION,COBRO POR NUMERO DE UNIDADES INDEPENDIENTES,0,0,0,132,31
SABANAGRANDE,RECLAMACION,COBRO DE CARGOS RELACIONADOS CON EL SERVICIO PUBLICO,20,21,13,46,13
SABANAGRANDE,RECLAMACION,TERMINACION DEL CONTRATO,19,27,4,53,4
SABANAGRANDE,RECLAMACION,ESTRATO INCORRECTO,24,30,12,24,1
SABANAGRANDE,RECLAMACION,COBRO MULTIPLE Y/O ACUMULADO,6,1,1,26,1
SABANAGRANDE,RECLAMACION,DESCUENTO POR NO RECOLECCION PUERTA A PUERTA,17,1,0,1,0
SABANAGRANDE,RECLAMACION,"CLASE DE USO INCORRECTO (INDUSTRIAL, COMERCIAL, OFICIAL, OTROS)",11,0,0,0,0
SABANAGRANDE,RECLAMACION,COBROS INOPORTUNOS,1,2,0,2,0
SABANAGRANDE,RECLAMACION,INCONFORMIDAD CON EL AFORO,0,1,0,2,0
SABANAGRANDE,RECLAMACION,INTERRUPCIONES EN LA PRESTACION DEL SERVICIO,0,0,1,0,0
SABANAGRANDE,RECURSO DE REPOSICION,COBRO POR NUMERO DE UNIDADES INDEPENDIENTES,0,0,0,2,0
SABANAGRANDE,RECURSO DE REPOSICION,COBRO DE CARGOS RELACIONADOS CON EL SERVICIO PUBLICO,0,0,1,0,0
SABANAGRANDE,RECURSO DE REPOSICION Y SUBSIDIARIO DE APELACION,TARIFA INCORRECTA,1,0,0,3,3
SABANAGRANDE,RECURSO DE REPOSICION Y SUBSIDIARIO DE APELACION,COBRO POR SERVICIOS NO PRESTADOS,2,3,0,0,0
SABANAGRANDE,RECURSO DE REPOSICION Y SUBSIDIARIO DE APELACION,INTERRUPCIONES EN LA PRESTACION DEL SERVICIO,0,0,1,2,0
SABANAGRANDE,RECURSO DE REPOSICION Y SUBSIDIARIO DE APELACION,DESCUENTO POR PREDIO DESOCUPADO,0,1,0,2,0
SABANAGRANDE,RECURSO DE REPOSICION Y SUBSIDIARIO DE APELACION,TERMINACION DEL CONTRATO,0,2,0,0,0
SABANAGRANDE,RECURSO DE REPOSICION Y SUBSIDIARIO DE APELACION,COBRO POR NUMERO DE UNIDADES INDEPENDIENTES,0,0,0,2,0
SABANALARGA,QUEJA,QUEJAS ADMINISTRATIVAS,8,420,957,"1,427",361
SABANALARGA,QUEJA,ENTREGA INOPORTUNA O NO ENTREGA DE LA FACTURA,29,547,750,860,227
SABANALARGA,QUEJA,VARIACIONES EN LAS CARACTERISTICAS DEL SUMINISTRO O PRESTACION DEL SERVICIO,123,168,265,355,84
SABANALARGA,QUEJA,COBRO DE CARGOS RELACIONADOS CON EL SERVICIO PUBLICO,0,6,125,629,25
SABANALARGA,QUEJA,TARIFA INCORRECTA,0,5,151,366,38
SABANALARGA,QUEJA,COBROS POR PROMEDIO,0,17,83,285,2
SABANALARGA,QUEJA,SUSCRIPTOR QUE EFECTUA EL PAGO PERO ESTE NO ES APLICADO POR LA EMPRESA EN LA FACTURACION,1,24,34,73,7
SABANALARGA,QUEJA,COBRO POR SERVICIOS NO PRESTADOS,0,0,9,63,14
SABANALARGA,QUEJA,COBRO POR NUMERO DE UNIDADES INDEPENDIENTES,0,1,6,50,1
SABANALARGA,QUEJA,COBRO MULTIPLE Y/O ACUMULADO,0,0,0,25,0
SABANALARGA,QUEJA,INTERRUPCIONES EN LA PRESTACION DEL SERVICIO,22,0,0,0,0
SABANALARGA,QUEJA,INCONFORMIDAD CON EL AFORO,0,0,0,19,0
SABANALARGA,QUEJA,COBRO DE OTROS BIENES O SERVICIOS EN LA FACTURA,0,0,0,10,3
SABANALARGA,QUEJA,TERMINACION DEL CONTRATO,0,0,0,6,0
SABANALARGA,QUEJA,DATOS GENERALES INCORRECTOS,0,0,0,3,1
SABANALARGA,QUEJA,NEGATIVA DE PRESTACION DE UN SERVICIO ESPECIAL,0,0,3,0,0
SABANALARGA,RECLAMACION,COBRO DE CARGOS RELACIONADOS CON EL SERVICIO PUBLICO,943,"15,814","26,789","31,461","8,076"
SABANALARGA,RECLAMACION,COBROS POR PROMEDIO,95,"3,946","8,217","22,343","7,485"
SABANALARGA,RECLAMACION,TARIFA INCORRECTA,"1,332","2,681","4,933","6,523","1,715"
SABANALARGA,RECLAMACION,COBRO POR SERVICIOS NO PRESTADOS,128,"1,393","2,484","3,571","1,141"
SABANALARGA,RECLAMACION,COBRO POR NUMERO DE UNIDADES INDEPENDIENTES,7,913,"1,254","2,736",682
SABANALARGA,RECLAMACION,"CLASE DE USO INCORRECTO (INDUSTRIAL, COMERCIAL, OFICIAL, OTROS)",316,417,914,"1,187",377
SABANALARGA,RECLAMACION,QUEJAS ADMINISTRATIVAS,3,165,532,671,55
SABANALARGA,RECLAMACION,SUSCRIPTOR QUE EFECTUA EL PAGO PERO ESTE NO ES APLICADO POR LA EMPRESA EN LA FACTURACION,7,317,444,373,39
SABANALARGA,RECLAMACION,ESTRATO INCORRECTO,58,290,240,388,121
SABANALARGA,RECLAMACION,INCONFORMIDAD CON EL AFORO,172,98,291,329,77
SABANALARGA,RECLAMACION,DESCUENTO POR PREDIO DESOCUPADO,410,31,69,340,77
SABANALARGA,RECLAMACION,MULTIUSUARIO DEL SERVICIO DE ASEO,564,11,0,0,0
SABANALARGA,RECLAMACION,TERMINACION DEL CONTRATO,4,73,304,187,0
SABANALARGA,RECLAMACION,COBROS INOPORTUNOS,0,160,55,152,69
SABANALARGA,RECLAMACION,COBRO MULTIPLE Y/O ACUMULADO,4,0,88,263,75
SABANALARGA,RECLAMACION,ENTREGA INOPORTUNA O NO ENTREGA DE LA FACTURA,0,3,15,128,8
SABANALARGA,RECLAMACION,VARIACIONES EN LAS CARACTERISTICAS DEL SUMINISTRO O PRESTACION DEL SERVICIO,0,11,49,64,9
SABANALARGA,RECLAMACION,COBRO DE OTROS BIENES O SERVICIOS EN LA FACTURA,0,2,17,37,0
SABANALARGA,RECLAMACION,SUBSIDIOS Y CONTRIBUCIONES,2,3,5,10,35
SABANALARGA,RECLAMACION,DATOS GENERALES INCORRECTOS,4,0,0,22,1
SABANALARGA,RECLAMACION,INCONFORMIDAD CON LA MEDICION DEL CONSUMO O PRODUCCION FACTURADO,4,0,0,0,0
SABANALARGA,RECURSO DE REPOSICION,COBRO DE CARGOS RELACIONADOS CON EL SERVICIO PUBLICO,1,12,12,166,0
SABANALARGA,RECURSO DE REPOSICION,COBROS POR PROMEDIO,0,0,9,66,0
SABANALARGA,RECURSO DE REPOSICION,COBRO POR NUMERO DE UNIDADES INDEPENDIENTES,0,0,0,45,0
SABANALARGA,RECURSO DE REPOSICION,TARIFA INCORRECTA,2,0,0,12,0
SABANALARGA,RECURSO DE REPOSICION Y SUBSIDIARIO DE APELACION,COBRO DE CARGOS RELACIONADOS CON EL SERVICIO PUBLICO,32,"4,201","13,230","8,275",0
SABANALARGA,RECURSO DE REPOSICION Y SUBSIDIARIO DE APELACION,COBROS POR PROMEDIO,29,299,"1,946","2,585",0
SABANALARGA,RECURSO DE REPOSICION Y SUBSIDIARIO DE APELACION,TARIFA INCORRECTA,415,594,"2,325","1,511",0
SABANALARGA,RECURSO DE REPOSICION Y SUBSIDIARIO DE APELACION,COBRO POR NUMERO DE UNIDADES INDEPENDIENTES,11,380,781,567,0
SABANALARGA,RECURSO DE REPOSICION Y SUBSIDIARIO DE APELACION,"CLASE DE USO INCORRECTO (INDUSTRIAL, COMERCIAL, OFICIAL, OTROS)",48,130,505,300,0
SABANALARGA,RECURSO DE REPOSICION Y SUBSIDIARIO DE APELACION,COBRO POR SERVICIOS NO PRESTADOS,24,59,300,232,0
SABANALARGA,RECURSO DE REPOSICION Y SUBSIDIARIO DE APELACION,MULTIUSUARIO DEL SERVICIO DE ASEO,184,0,0,0,0
SABANALARGA,RECURSO DE REPOSICION Y SUBSIDIARIO DE APELACION,ESTRATO INCORRECTO,72,68,5,30,0
SABANALARGA,RECURSO DE REPOSICION Y SUBSIDIARIO DE APELACION,COBROS INOPORTUNOS,0,0,25,59,0
SABANALARGA,RECURSO DE REPOSICION Y SUBSIDIARIO DE APELACION,VARIACIONES EN LAS CARACTERISTICAS DEL SUMINISTRO O PRESTACION DEL SERVICIO,24,0,11,3,0
SABANALARGA,RECURSO DE REPOSICION Y SUBSIDIARIO DE APELACION,ENTREGA INOPORTUNA O NO ENTREGA DE LA FACTURA,0,2,12,9,0
SABANALARGA,RECURSO DE REPOSICION Y SUBSIDIARIO DE APELACION,INCONFORMIDAD CON EL AFORO,18,0,0,0,0
SABANALARGA,RECURSO DE REPOSICION Y SUBSIDIARIO DE APELACION,DESCUENTO POR PREDIO DESOCUPADO,10,0,0,5,0
SABANALARGA,RECURSO DE REPOSICION Y SUBSIDIARIO DE APELACION,COBRO MULTIPLE Y/O ACUMULADO,0,0,0,14,0
SABANALARGA,RECURSO DE REPOSICION Y SUBSIDIARIO DE APELACION,QUEJAS ADMINISTRATIVAS,0,3,0,1,0
SABANALARGA,RECURSO DE REPOSICION Y SUBSIDIARIO DE APELACION,SUBSIDIOS Y CONTRIBUCIONES,0,3,0,0,0
USIACURI,QUEJA,AFECTACION AMBIENTAL,0,4,5,0,0
USIACURI,QUEJA,VARIACIONES EN LAS CARACTERISTICAS DEL SUMINISTRO O PRESTACION DEL SERVICIO,3,0,2,2,0
USIACURI,QUEJA,INTERRUPCIONES EN LA PRESTACION DEL SERVICIO,4,2,0,1,0
USIACURI,RECLAMACION,DESCUENTO POR PREDIO DESOCUPADO,30,69,81,125,51
USIACURI,RECLAMACION,COBRO POR NUMERO DE UNIDADES INDEPENDIENTES,0,0,0,87,16
USIACURI,RECLAMACION,TERMINACION DEL CONTRATO,5,5,3,55,15
USIACURI,RECLAMACION,TARIFA INCORRECTA,17,3,4,50,2
USIACURI,RECLAMACION,COBRO DE CARGOS RELACIONADOS CON EL SERVICIO PUBLICO,9,2,6,37,15
USIACURI,RECLAMACION,COBRO POR SERVICIOS NO PRESTADOS,0,0,2,41,9
USIACURI,RECLAMACION,ESTRATO INCORRECTO,2,3,2,12,6
USIACURI,RECLAMACION,DESCUENTO POR NO RECOLECCION PUERTA A PUERTA,20,0,0,0,2
USIACURI,RECLAMACION,ENTREGA INOPORTUNA O NO ENTREGA DE LA FACTURA,12,2,3,0,0
USIACURI,RECLAMACION,COBRO MULTIPLE Y/O ACUMULADO,4,0,0,0,6
USIACURI,RECLAMACION,COBRO DE OTROS BIENES O SERVICIOS EN LA FACTURA,0,0,0,0,6
USIACURI,RECLAMACION,FRECUENCIAS ADICIONALES DE RECOLECCION,0,2,0,0,0
USIACURI,RECLAMACION,COBROS INOPORTUNOS,0,2,0,0,0
USIACURI,RECURSO DE REPOSICION,DESCUENTO POR PREDIO DESOCUPADO,0,0,0,0,2
USIACURI,RECURSO DE REPOSICION,COBRO POR NUMERO DE UNIDADES INDEPENDIENTES,0,0,0,2,0
USIACURI,RECURSO DE REPOSICION Y SUBSIDIARIO DE APELACION,COBRO POR NUMERO DE UNIDADES INDEPENDIENTES,0,0,0,2,0
USIACURI,RECURSO DE REPOSICION Y SUBSIDIARIO DE APELACION,COBRO DE CARGOS RELACIONADOS CON EL SERVICIO PUBLICO,0,0,0,0,2
USIACURI,RECURSO DE REPOSICION Y SUBSIDIARIO DE APELACION,TERMINACION DEL CONTRATO,0,0,0,0,1
TUBARA,QUEJA,QUEJAS ADMINISTRATIVAS,0,96,326,373,82
TUBARA,QUEJA,ENTREGA INOPORTUNA O NO ENTREGA DE LA FACTURA,6,188,245,254,89
TUBARA,QUEJA,VARIACIONES EN LAS CARACTERISTICAS DEL SUMINISTRO O PRESTACION DEL SERVICIO,13,49,115,129,22
TUBARA,QUEJA,COBROS POR PROMEDIO,0,2,33,21,0
TUBARA,QUEJA,COBRO DE CARGOS RELACIONADOS CON EL SERVICIO PUBLICO,0,10,3,36,3
TUBARA,QUEJA,INTERRUPCIONES EN LA PRESTACION DEL SERVICIO,14,13,8,11,5
TUBARA,QUEJA,COBRO POR SERVICIOS NO PRESTADOS,0,0,25,15,0
TUBARA,QUEJA,SUSCRIPTOR QUE EFECTUA EL PAGO PERO ESTE NO ES APLICADO POR LA EMPRESA EN LA FACTURACION,0,0,10,14,1
TUBARA,QUEJA,NO ATENCION DE CONDICIONES DE SEGURIDAD O RIESGO,0,0,0,3,0
TUBARA,QUEJA,NEGATIVA DE PRESTACION DE UN SERVICIO ESPECIAL,2,0,0,0,0
TUBARA,QUEJA,AFECTACION AMBIENTAL,0,0,1,0,0
TUBARA,RECLAMACION,COBROS POR PROMEDIO,10,351,892,"1,978",704
TUBARA,RECLAMACION,COBRO DE CARGOS RELACIONADOS CON EL SERVICIO PUBLICO,0,464,590,"1,337",394
TUBARA,RECLAMACION,COBRO POR SERVICIOS NO PRESTADOS,18,240,400,820,189
TUBARA,RECLAMACION,TARIFA INCORRECTA,32,52,48,146,39
TUBARA,RECLAMACION,DESCUENTO POR PREDIO DESOCUPADO,40,23,73,71,19
TUBARA,RECLAMACION,QUEJAS ADMINISTRATIVAS,0,26,49,59,2
TUBARA,RECLAMACION,ESTRATO INCORRECTO,5,6,11,58,39
TUBARA,RECLAMACION,TERMINACION DEL CONTRATO,11,37,25,21,0
TUBARA,RECLAMACION,COBRO POR NUMERO DE UNIDADES INDEPENDIENTES,0,0,0,64,23
TUBARA,RECLAMACION,INCONFORMIDAD CON EL AFORO,0,12,17,23,6
TUBARA,RECLAMACION,ENTREGA INOPORTUNA O NO ENTREGA DE LA FACTURA,0,2,8,37,2
TUBARA,RECLAMACION,COBRO MULTIPLE Y/O ACUMULADO,0,10,15,15,3
TUBARA,RECLAMACION,SUSCRIPTOR QUE EFECTUA EL PAGO PERO ESTE NO ES APLICADO POR LA EMPRESA EN LA FACTURACION,0,0,8,20,3
TUBARA,RECLAMACION,"CLASE DE USO INCORRECTO (INDUSTRIAL, COMERCIAL, OFICIAL, OTROS)",0,0,0,8,15
TUBARA,RECLAMACION,VARIACIONES EN LAS CARACTERISTICAS DEL SUMINISTRO O PRESTACION DEL SERVICIO,0,0,4,10,2
TUBARA,RECLAMACION,DESCUENTO POR NO RECOLECCION PUERTA A PUERTA,5,0,0,2,2
TUBARA,RECLAMACION,COBRO DE OTROS BIENES O SERVICIOS EN LA FACTURA,0,0,0,1,0
TUBARA,RECURSO DE REPOSICION,COBRO DE CARGOS RELACIONADOS CON EL SERVICIO PUBLICO,0,0,0,25,0
TUBARA,RECURSO DE REPOSICION,COBRO POR SERVICIOS NO PRESTADOS,0,5,1,0,0
TUBARA,RECURSO DE REPOSICION,COBROS POR PROMEDIO,0,0,0,1,0
TUBARA,RECURSO DE REPOSICION Y SUBSIDIARIO DE APELACION,COBROS POR PROMEDIO,0,31,146,145,0
TUBARA,RECURSO DE REPOSICION Y SUBSIDIARIO DE APELACION,COBRO DE CARGOS RELACIONADOS CON EL SERVICIO PUBLICO,0,30,50,46,0
TUBARA,RECURSO DE REPOSICION Y SUBSIDIARIO DE APELACION,COBRO POR SERVICIOS NO PRESTADOS,2,0,31,50,0
TUBARA,RECURSO DE REPOSICION Y SUBSIDIARIO DE APELACION,QUEJAS ADMINISTRATIVAS,0,0,0,6,0
TUBARA,RECURSO DE REPOSICION Y SUBSIDIARIO DE APELACION,TARIFA INCORRECTA,4,0,0,1,0
SUAN,QUEJA,AFECTACION AMBIENTAL,0,5,0,0,2
SUAN,QUEJA,INTERRUPCIONES EN LA PRESTACION DEL SERVICIO,0,0,2,2,2
SUAN,QUEJA,VARIACIONES EN LAS CARACTERISTICAS DEL SUMINISTRO O PRESTACION DEL SERVICIO,0,0,2,1,1
SUAN,QUEJA,QUEJAS ADMINISTRATIVAS,0,1,0,0,0
SUAN,QUEJA,NO ATENCION DE CONDICIONES DE SEGURIDAD O RIESGO,0,0,0,0,1
SUAN,RECLAMACION,DESCUENTO POR PREDIO DESOCUPADO,28,30,63,48,11
SUAN,RECLAMACION,TARIFA INCORRECTA,27,16,12,7,0
SUAN,RECLAMACION,COBRO POR SERVICIOS NO PRESTADOS,20,5,4,1,0
SUAN,RECLAMACION,TERMINACION DEL CONTRATO,3,11,5,6,0
SUAN,RECLAMACION,DESCUENTO POR NO RECOLECCION PUERTA A PUERTA,9,0,0,0,0
SUAN,RECLAMACION,COBRO MULTIPLE Y/O ACUMULADO,2,0,2,0,0
SUAN,RECLAMACION,COBRO DE CARGOS RELACIONADOS CON EL SERVICIO PUBLICO,2,1,0,0,0
SUAN,RECLAMACION,INCONFORMIDAD CON EL AFORO,0,2,0,0,0
SUAN,RECLAMACION,"CLASE DE USO INCORRECTO (INDUSTRIAL, COMERCIAL, OFICIAL, OTROS)",1,0,0,0,0
SUAN,RECURSO DE REPOSICION Y SUBSIDIARIO DE APELACION,TARIFA INCORRECTA,0,0,1,0,0
SOLEDAD,QUEJA,INTERRUPCIONES EN LA PRESTACION DEL SERVICIO,626,672,915,"2,726","1,005"
SOLEDAD,QUEJA,VARIACIONES EN LAS CARACTERISTICAS DEL SUMINISTRO O PRESTACION DEL SERVICIO,213,225,402,736,211
SOLEDAD,QUEJA,AFECTACION AMBIENTAL,64,101,102,115,106
SOLEDAD,QUEJA,QUEJAS ADMINISTRATIVAS,33,56,77,29,11
SOLEDAD,QUEJA,ENTREGA INOPORTUNA O NO ENTREGA DE LA FACTURA,3,68,104,0,0
SOLEDAD,QUEJA,NO ATENCION DE CONDICIONES DE SEGURIDAD O RIESGO,28,14,17,37,22
SOLEDAD,QUEJA,NEGATIVA DE PRESTACION DE UN SERVICIO ESPECIAL,29,5,9,6,1
SOLEDAD,QUEJA,SUSCRIPTOR QUE EFECTUA EL PAGO PERO ESTE NO ES APLICADO POR LA EMPRESA EN LA FACTURACION,0,17,18,0,0
SOLEDAD,QUEJA,COBRO DE CARGOS RELACIONADOS CON EL SERVICIO PUBLICO,0,2,2,0,0
SOLEDAD,RECLAMACION,DESCUENTO POR PREDIO DESOCUPADO,"4,954","5,248","6,936","14,093","6,475"
SOLEDAD,RECLAMACION,TARIFA INCORRECTA,"2,733","1,484",763,"2,979",604
SOLEDAD,RECLAMACION,COBRO POR SERVICIOS NO PRESTADOS,765,659,295,"3,197",300
SOLEDAD,RECLAMACION,COBRO DE CARGOS RELACIONADOS CON EL SERVICIO PUBLICO,544,489,649,"1,805",560
SOLEDAD,RECLAMACION,ESTRATO INCORRECTO,"1,149",800,619,313,27
SOLEDAD,RECLAMACION,COBRO POR NUMERO DE UNIDADES INDEPENDIENTES,27,24,108,"2,216",462
SOLEDAD,RECLAMACION,TERMINACION DEL CONTRATO,184,248,159,477,134
SOLEDAD,RECLAMACION,COBRO MULTIPLE Y/O ACUMULADO,162,108,90,639,111
SOLEDAD,RECLAMACION,COBROS POR PROMEDIO,5,190,479,4,2
SOLEDAD,RECLAMACION,DESCUENTO POR NO RECOLECCION PUERTA A PUERTA,145,135,129,100,15
SOLEDAD,RECLAMACION,COBRO DE OTROS BIENES O SERVICIOS EN LA FACTURA,0,9,0,15,424
SOLEDAD,RECLAMACION,INTERRUPCIONES EN LA PRESTACION DEL SERVICIO,122,48,27,25,15
SOLEDAD,RECLAMACION,"CLASE DE USO INCORRECTO (INDUSTRIAL, COMERCIAL, OFICIAL, OTROS)",51,40,47,58,9
SOLEDAD,RECLAMACION,COBROS INOPORTUNOS,9,4,4,76,9
SOLEDAD,RECLAMACION,INCONFORMIDAD CON EL AFORO,33,20,15,16,2
SOLEDAD,RECLAMACION,MULTIUSUARIO DEL SERVICIO DE ASEO,14,7,13,17,5
SOLEDAD,RECLAMACION,SUSCRIPTOR QUE EFECTUA EL PAGO PERO ESTE NO ES APLICADO POR LA EMPRESA EN LA FACTURACION,3,22,25,0,1
SOLEDAD,RECLAMACION,ENTREGA INOPORTUNA O NO ENTREGA DE LA FACTURA,28,4,10,3,4
SOLEDAD,RECLAMACION,QUEJAS ADMINISTRATIVAS,11,5,25,0,0
SOLEDAD,RECLAMACION,INCONFORMIDAD CON LA MEDICION DEL CONSUMO O PRODUCCION FACTURADO,11,3,7,5,0
SOLEDAD,RECLAMACION,AFECTACION AMBIENTAL,9,10,0,1,3
SOLEDAD,RECLAMACION,VARIACIONES EN LAS CARACTERISTICAS DEL SUMINISTRO O PRESTACION DEL SERVICIO,18,2,0,1,1
SOLEDAD,RECLAMACION,SUBSIDIOS Y CONTRIBUCIONES,14,7,0,0,0
SOLEDAD,RECLAMACION,FRECUENCIAS ADICIONALES DE RECOLECCION,9,5,4,2,0
SOLEDAD,RECLAMACION,NEGATIVA DE PRESTACION DE UN SERVICIO ESPECIAL,4,0,0,10,1
SOLEDAD,RECLAMACION,COBRO DE CONSUMO REGISTRADO POR MEDIDOR DE OTRO PREDIO,3,5,4,3,0
SOLEDAD,RECLAMACION,FRECUENCIAS ADICIONALES DE BARRIDO,6,0,1,5,0
SOLEDAD,RECLAMACION,DATOS GENERALES INCORRECTOS,0,2,2,0,0
SOLEDAD,RECURSO DE REPOSICION,TARIFA INCORRECTA,6,9,0,37,7
SOLEDAD,RECURSO DE REPOSICION,DESCUENTO POR PREDIO DESOCUPADO,5,0,3,10,4
SOLEDAD,RECURSO DE REPOSICION,COBRO POR SERVICIOS NO PRESTADOS,2,1,4,4,0
SOLEDAD,RECURSO DE REPOSICION,ESTRATO INCORRECTO,0,5,0,0,1
SOLEDAD,RECURSO DE REPOSICION,COBROS POR PROMEDIO,4,0,0,0,0
SOLEDAD,RECURSO DE REPOSICION,COBRO DE CARGOS RELACIONADOS CON EL SERVICIO PUBLICO,0,0,0,3,1
SOLEDAD,RECURSO DE REPOSICION,VARIACIONES EN LAS CARACTERISTICAS DEL SUMINISTRO O PRESTACION DEL SERVICIO,0,0,2,0,0
SOLEDAD,RECURSO DE REPOSICION,COBRO MULTIPLE Y/O ACUMULADO,2,0,0,0,0
SOLEDAD,RECURSO DE REPOSICION,MULTIUSUARIO DEL SERVICIO DE ASEO,0,0,0,2,0
SOLEDAD,RECURSO DE REPOSICION,TERMINACION DEL CONTRATO,0,0,0,2,0
SOLEDAD,RECURSO DE REPOSICION,INTERRUPCIONES EN LA PRESTACION DEL SERVICIO,0,0,2,0,0
SOLEDAD,RECURSO DE REPOSICION,"CLASE DE USO INCORRECTO (INDUSTRIAL, COMERCIAL, OFICIAL, OTROS)",0,0,0,2,0
SOLEDAD,RECURSO DE REPOSICION,INCONFORMIDAD CON EL AFORO,0,0,1,0,0
SOLEDAD,RECURSO DE REPOSICION,COBRO POR NUMERO DE UNIDADES INDEPENDIENTES,0,0,0,1,0
SOLEDAD,RECURSO DE REPOSICION Y SUBSIDIARIO DE APELACION,TARIFA INCORRECTA,26,37,53,77,21
SOLEDAD,RECURSO DE REPOSICION Y SUBSIDIARIO DE APELACION,COBROS POR PROMEDIO,1,47,157,0,0
SOLEDAD,RECURSO DE REPOSICION Y SUBSIDIARIO DE APELACION,COBRO DE CARGOS RELACIONADOS CON EL SERVICIO PUBLICO,11,54,62,28,24
SOLEDAD,RECURSO DE REPOSICION Y SUBSIDIARIO DE APELACION,DESCUENTO POR PREDIO DESOCUPADO,22,17,79,43,14
SOLEDAD,RECURSO DE REPOSICION Y SUBSIDIARIO DE APELACION,COBRO POR SERVICIOS NO PRESTADOS,4,6,32,67,9
SOLEDAD,RECURSO DE REPOSICION Y SUBSIDIARIO DE APELACION,COBRO POR NUMERO DE UNIDADES INDEPENDIENTES,0,1,3,41,5
SOLEDAD,RECURSO DE REPOSICION Y SUBSIDIARIO DE APELACION,INTERRUPCIONES EN LA PRESTACION DEL SERVICIO,8,10,11,9,8
SOLEDAD,RECURSO DE REPOSICION Y SUBSIDIARIO DE APELACION,ESTRATO INCORRECTO,5,6,3,5,0
SOLEDAD,RECURSO DE REPOSICION Y SUBSIDIARIO DE APELACION,TERMINACION DEL CONTRATO,4,4,0,2,1
SOLEDAD,RECURSO DE REPOSICION Y SUBSIDIARIO DE APELACION,COBRO MULTIPLE Y/O ACUMULADO,1,1,0,6,2
SOLEDAD,RECURSO DE REPOSICION Y SUBSIDIARIO DE APELACION,AFECTACION AMBIENTAL,1,2,2,1,3
SOLEDAD,RECURSO DE REPOSICION Y SUBSIDIARIO DE APELACION,VARIACIONES EN LAS CARACTERISTICAS DEL SUMINISTRO O PRESTACION DEL SERVICIO,1,1,3,1,1
SOLEDAD,RECURSO DE REPOSICION Y SUBSIDIARIO DE APELACION,MULTIUSUARIO DEL SERVICIO DE ASEO,0,1,6,0,0
SOLEDAD,RECURSO DE REPOSICION Y SUBSIDIARIO DE APELACION,QUEJAS ADMINISTRATIVAS,0,1,3,2,0
SOLEDAD,RECURSO DE REPOSICION Y SUBSIDIARIO DE APELACION,INCONFORMIDAD CON EL AFORO,0,0,4,2,0
SOLEDAD,RECURSO DE REPOSICION Y SUBSIDIARIO DE APELACION,DESCUENTO POR NO RECOLECCION PUERTA A PUERTA,0,0,0,3,0
SOLEDAD,RECURSO DE REPOSICION Y SUBSIDIARIO DE APELACION,"CLASE DE USO INCORRECTO (INDUSTRIAL, COMERCIAL, OFICIAL, OTROS)",0,2,0,1,0
SOLEDAD,RECURSO DE REPOSICION Y SUBSIDIARIO DE APELACION,SUSCRIPTOR QUE EFECTUA EL PAGO PERO ESTE NO ES APLICADO POR LA EMPRESA EN LA FACTURACION,0,0,2,0,0
SOLEDAD,RECURSO DE REPOSICION Y SUBSIDIARIO DE APELACION,COBROS INOPORTUNOS,0,0,0,2,0
SOLEDAD,RECURSO DE REPOSICION Y SUBSIDIARIO DE APELACION,NEGATIVA DE PRESTACION DE UN SERVICIO ESPECIAL,1,0,0,0,0
SOLEDAD,RECURSO DE REPOSICION Y SUBSIDIARIO DE APELACION,ENTREGA INOPORTUNA O NO ENTREGA DE LA FACTURA,0,0,1,0,0
SOLEDAD,RECURSO DE REPOSICION Y SUBSIDIARIO DE APELACION,SUBSIDIOS Y CONTRIBUCIONES,0,1,0,0,0
SOLEDAD,RECURSO DE REPOSICION Y SUBSIDIARIO DE APELACION,FRECUENCIAS ADICIONALES DE BARRIDO,0,0,0,1,0
SOLEDAD,RECURSO DE REPOSICION Y SUBSIDIARIO DE APELACION,INCONFORMIDAD CON LA MEDICION DEL CONSUMO O PRODUCCION FACTURADO,0,0,1,0,0
SOLEDAD,RECURSO DE REPOSICION Y SUBSIDIARIO DE APELACION,COBRO DE OTROS BIENES O SERVICIOS EN LA FACTURA,0,0,0,0,1
SOLEDAD,RECURSO DE REPOSICION Y SUBSIDIARIO DE APELACION,COBRO DE CONSUMO REGISTRADO POR MEDIDOR DE OTRO PREDIO,0,0,1,0,0
SANTO TOMAS,QUEJA,INTERRUPCIONES EN LA PRESTACION DEL SERVICIO,21,17,15,62,13
SANTO TOMAS,QUEJA,VARIACIONES EN LAS CARACTERISTICAS DEL SUMINISTRO O PRESTACION DEL SERVICIO,8,6,23,30,9
SANTO TOMAS,QUEJA,NO ATENCION DE CONDICIONES DE SEGURIDAD O RIESGO,2,0,6,0,0
SANTO TOMAS,QUEJA,AFECTACION AMBIENTAL,2,0,2,1,2
SANTO TOMAS,QUEJA,QUEJAS ADMINISTRATIVAS,0,2,0,3,0
SANTO TOMAS,RECLAMACION,DESCUENTO POR PREDIO DESOCUPADO,168,209,271,402,186
SANTO TOMAS,RECLAMACION,TARIFA INCORRECTA,104,32,18,130,47
SANTO TOMAS,RECLAMACION,COBRO POR NUMERO DE UNIDADES INDEPENDIENTES,0,0,0,135,30
SANTO TOMAS,RECLAMACION,ESTRATO INCORRECTO,14,24,19,17,8
SANTO TOMAS,RECLAMACION,COBRO POR SERVICIOS NO PRESTADOS,23,25,7,11,3
SANTO TOMAS,RECLAMACION,TERMINACION DEL CONTRATO,19,18,9,12,4
SANTO TOMAS,RECLAMACION,COBRO DE CARGOS RELACIONADOS CON EL SERVICIO PUBLICO,5,5,4,34,10
SANTO TOMAS,RECLAMACION,DESCUENTO POR NO RECOLECCION PUERTA A PUERTA,36,0,0,2,2
SANTO TOMAS,RECLAMACION,COBRO MULTIPLE Y/O ACUMULADO,4,12,1,8,2
SANTO TOMAS,RECLAMACION,INCONFORMIDAD CON EL AFORO,2,3,0,0,0
SANTO TOMAS,RECLAMACION,"CLASE DE USO INCORRECTO (INDUSTRIAL, COMERCIAL, OFICIAL, OTROS)",5,0,0,0,0
SANTO TOMAS,RECLAMACION,COBRO DE OTROS BIENES O SERVICIOS EN LA FACTURA,0,0,0,0,4
SANTO TOMAS,RECLAMACION,COBROS INOPORTUNOS,0,0,0,3,0
SANTO TOMAS,RECLAMACION,FRECUENCIAS ADICIONALES DE RECOLECCION,2,0,0,0,0
SANTO TOMAS,RECLAMACION,SUBSIDIOS Y CONTRIBUCIONES,1,1,0,0,0
SANTO TOMAS,RECLAMACION,ENTREGA INOPORTUNA O NO ENTREGA DE LA FACTURA,2,0,0,0,0
SANTO TOMAS,RECURSO DE REPOSICION,TERMINACION DEL CONTRATO,1,0,0,0,0
SANTO TOMAS,RECURSO DE REPOSICION,DESCUENTO POR PREDIO DESOCUPADO,0,0,1,0,0
SANTO TOMAS,RECURSO DE REPOSICION Y SUBSIDIARIO DE APELACION,TARIFA INCORRECTA,0,0,1,10,2
SANTO TOMAS,RECURSO DE REPOSICION Y SUBSIDIARIO DE APELACION,DESCUENTO POR PREDIO DESOCUPADO,1,0,3,6,0
SANTO TOMAS,RECURSO DE REPOSICION Y SUBSIDIARIO DE APELACION,COBRO POR NUMERO DE UNIDADES INDEPENDIENTES,0,0,0,3,0
SANTO TOMAS,RECURSO DE REPOSICION Y SUBSIDIARIO DE APELACION,TERMINACION DEL CONTRATO,0,0,1,1,0
SANTO TOMAS,RECURSO DE REPOSICION Y SUBSIDIARIO DE APELACION,ESTRATO INCORRECTO,0,0,1,0,0
SANTO TOMAS,RECURSO DE REPOSICION Y SUBSIDIARIO DE APELACION,COBROS INOPORTUNOS,0,0,0,1,0
SANTO TOMAS,RECURSO DE REPOSICION Y SUBSIDIARIO DE APELACION,COBRO MULTIPLE Y/O ACUMULADO,0,0,0,0,1
SANTO TOMAS,RECURSO DE REPOSICION Y SUBSIDIARIO DE APELACION,COBRO DE CARGOS RELACIONADOS CON EL SERVICIO PUBLICO,0,0,0,1,0
SANTA LUCIA,QUEJA,INTERRUPCIONES EN LA PRESTACION DEL SERVICIO,0,0,0,0,5
SANTA LUCIA,QUEJA,AFECTACION AMBIENTAL,0,1,0,0,0
SANTA LUCIA,RECLAMACION,DESCUENTO POR PREDIO DESOCUPADO,3,1,0,1,2
SANTA LUCIA,RECLAMACION,TARIFA INCORRECTA,3,3,0,0,0
SANTA LUCIA,RECLAMACION,TERMINACION DEL CONTRATO,0,2,0,0,2
SANTA LUCIA,RECLAMACION,DESCUENTO POR NO RECOLECCION PUERTA A PUERTA,0,0,0,1,0
SANTA LUCIA,RECLAMACION,COBRO POR NUMERO DE UNIDADES INDEPENDIENTES,0,0,0,1,0
